Name,Type,MV,Colors,Cost,Sub-types,Scryfall,Produced,Flags
A.I.M. Labs,Creature,3,G,{2}{G},Elf,deadbeef,,
A.I.M. Synthoids,Creature,3,G,{2}{G},Elf,deadbeef,,
Aang's Iceberg,Creature,3,G,{2}{G},Elf,deadbeef,,
"Aang, Swift Savior",Creature,3,G,{2}{G},Elf,deadbeef,,
Aberrant Manawurm,Creature,3,G,{2}{G},Elf,deadbeef,,
"Abigale, Poet Laureate // Heroic Stanza",Creature,3,G,{2}{G},Elf,deadbeef,,
Abolish,Creature,3,G,{2}{G},Elf,deadbeef,,
"Abomination, Terrifying Titan",Creature,3,G,{2}{G},Elf,deadbeef,,
About Face,Creature,3,G,{2}{G},Elf,deadbeef,,
Abrade,Creature,3,G,{2}{G},Elf,deadbeef,,
Absolute Grace,Creature,3,G,{2}{G},Elf,deadbeef,,
Absorb,Creature,3,G,{2}{G},Elf,deadbeef,,
Absorbing Man,Creature,3,G,{2}{G},Elf,deadbeef,,
Abundant Growth,Creature,3,G,{2}{G},Elf,deadbeef,,
Abyssal Specter,Creature,3,G,{2}{G},Elf,deadbeef,,
Accumulated Knowledge,Creature,3,G,{2}{G},Elf,deadbeef,,
Acquired Mutation,Creature,3,G,{2}{G},Elf,deadbeef,,
Action News Crew,Creature,3,G,{2}{G},Elf,deadbeef,,
Adelbert Steiner,Creature,3,G,{2}{G},Elf,deadbeef,,
"Adeline, Resplendent Cathar",Creature,3,G,{2}{G},Elf,deadbeef,,
Adrenaline Jockey,Creature,3,G,{2}{G},Elf,deadbeef,,
Advanced Reconstruction,Creature,3,G,{2}{G},Elf,deadbeef,,
Advancing the Spirit,Creature,3,G,{2}{G},Elf,deadbeef,,
Adventurer's Airship,Creature,3,G,{2}{G},Elf,deadbeef,,
Adventuring Gear,Creature,3,G,{2}{G},Elf,deadbeef,,
Aegis of the Meek,Creature,3,G,{2}{G},Elf,deadbeef,,
Aerial Doombot,Creature,3,G,{2}{G},Elf,deadbeef,,
Aerith Rescue Mission,Creature,3,G,{2}{G},Elf,deadbeef,,
"Aerith, Last Ancient",Creature,3,G,{2}{G},Elf,deadbeef,,
Aetherize,Creature,3,G,{2}{G},Elf,deadbeef,,
Aetherjacket,Creature,3,G,{2}{G},Elf,deadbeef,,
Afterlife,Creature,3,G,{2}{G},Elf,deadbeef,,
Aftermath Analyst,Creature,3,G,{2}{G},Elf,deadbeef,,
Agency Coroner,Creature,3,G,{2}{G},Elf,deadbeef,,
"Agent 13, Sharon Carter",Creature,3,G,{2}{G},Elf,deadbeef,,
Agent Maria Hill,Creature,3,G,{2}{G},Elf,deadbeef,,
Agent of Atlas,Creature,3,G,{2}{G},Elf,deadbeef,,
Agent Phil Coulson,Creature,3,G,{2}{G},Elf,deadbeef,,
Agent Venom,Creature,3,G,{2}{G},Elf,deadbeef,,
Agents of HYDRA,Creature,3,G,{2}{G},Elf,deadbeef,,
Agents of S.H.I.E.L.D.,Creature,3,G,{2}{G},Elf,deadbeef,,
Aggression,Creature,3,G,{2}{G},Elf,deadbeef,,
Agility Bobblehead,Creature,3,G,{2}{G},Elf,deadbeef,,
Agna Qel'a,Creature,3,G,{2}{G},Elf,deadbeef,,
Agonizing Memories,Creature,3,G,{2}{G},Elf,deadbeef,,
Ahriman,Creature,3,G,{2}{G},Elf,deadbeef,,
Air Bladder,Creature,3,G,{2}{G},Elf,deadbeef,,
Air Nomad Legacy,Creature,3,G,{2}{G},Elf,deadbeef,,
Airbending Lesson,Creature,3,G,{2}{G},Elf,deadbeef,,
Airship Crash,Creature,3,G,{2}{G},Elf,deadbeef,,
Ajani's Pridemate,Creature,3,G,{2}{G},Elf,deadbeef,,
Ajani's Response,Creature,3,G,{2}{G},Elf,deadbeef,,
Akoum Refuge,Creature,3,G,{2}{G},Elf,deadbeef,,
Al Bhed Salvagers,Creature,3,G,{2}{G},Elf,deadbeef,,
Alabaster Wall,Creature,3,G,{2}{G},Elf,deadbeef,,
Alacrian Armory,Creature,3,G,{2}{G},Elf,deadbeef,,
Alacrian Jaguar,Creature,3,G,{2}{G},Elf,deadbeef,,
Aladdin's Ring,Creature,3,G,{2}{G},Elf,deadbeef,,
Alarum,Creature,3,G,{2}{G},Elf,deadbeef,,
Alien Invasion,Creature,3,G,{2}{G},Elf,deadbeef,,
Alien Symbiosis,Creature,3,G,{2}{G},Elf,deadbeef,,
Alisaie Leveilleur,Creature,3,G,{2}{G},Elf,deadbeef,,
All That Glitters,Creature,3,G,{2}{G},Elf,deadbeef,,
Alley Grifters,Creature,3,G,{2}{G},Elf,deadbeef,,
Almost Perfect,Creature,3,G,{2}{G},Elf,deadbeef,,
Alphinaud Leveilleur,Creature,3,G,{2}{G},Elf,deadbeef,,
Amazing Acrobatics,Creature,3,G,{2}{G},Elf,deadbeef,,
Ambition's Cost,Creature,3,G,{2}{G},Elf,deadbeef,,
Ambrosia Whiteheart,Creature,3,G,{2}{G},Elf,deadbeef,,
Ambush Gigapede,Creature,3,G,{2}{G},Elf,deadbeef,,
An Offer You Can't Refuse,Creature,3,G,{2}{G},Elf,deadbeef,,
Anaba Bodyguard,Creature,3,G,{2}{G},Elf,deadbeef,,
Ancestral Mask,Creature,3,G,{2}{G},Elf,deadbeef,,
Angel of Indemnity,Creature,3,G,{2}{G},Elf,deadbeef,,
Angelic Blessing,Creature,3,G,{2}{G},Elf,deadbeef,,
Angelic Curator,Creature,3,G,{2}{G},Elf,deadbeef,,
Angelic Favor,Creature,3,G,{2}{G},Elf,deadbeef,,
Angelic Renewal,Creature,3,G,{2}{G},Elf,deadbeef,,
Anger,Creature,3,G,{2}{G},Elf,deadbeef,,
Angler Turtle,Creature,3,G,{2}{G},Elf,deadbeef,,
Angry Mob,Creature,3,G,{2}{G},Elf,deadbeef,,
Angry Rabble,Creature,3,G,{2}{G},Elf,deadbeef,,
Animal Friend,Creature,3,G,{2}{G},Elf,deadbeef,,
Ankle Biter,Creature,3,G,{2}{G},Elf,deadbeef,,
Annie Joins Up,Creature,3,G,{2}{G},Elf,deadbeef,,
Annul,Creature,3,G,{2}{G},Elf,deadbeef,,
Another Round,Creature,3,G,{2}{G},Elf,deadbeef,,
Ant-Man's Air Force,Creature,3,G,{2}{G},Elf,deadbeef,,
Ant-Man's Army,Creature,3,G,{2}{G},Elf,deadbeef,,
"Ant-Man, Colony Commander",Creature,3,G,{2}{G},Elf,deadbeef,,
"Ant-Man, Elusive Avenger",Creature,3,G,{2}{G},Elf,deadbeef,,
"Anti-Venom, Horrifying Healer",Creature,3,G,{2}{G},Elf,deadbeef,,
Anzrag's Rampage,Creature,3,G,{2}{G},Elf,deadbeef,,
"Ao, the Dawn Sky",Creature,3,G,{2}{G},Elf,deadbeef,,
Apathy,Creature,3,G,{2}{G},Elf,deadbeef,,
Apocalypse Runner,Creature,3,G,{2}{G},Elf,deadbeef,,
"Appa, Loyal Sky Bison",Creature,3,G,{2}{G},Elf,deadbeef,,
Aquitect's Defenses,Creature,3,G,{2}{G},Elf,deadbeef,,
"Arachne, Psionic Weaver",Creature,3,G,{2}{G},Elf,deadbeef,,
"Araña, Heart of the Spider",Creature,3,G,{2}{G},Elf,deadbeef,,
Arc Mage,Creature,3,G,{2}{G},Elf,deadbeef,,
Arc Reactor,Creature,3,G,{2}{G},Elf,deadbeef,,
Arcane Denial,Creature,3,G,{2}{G},Elf,deadbeef,,
Arcane Laboratory,Creature,3,G,{2}{G},Elf,deadbeef,,
Arcane Sanctum,Creature,3,G,{2}{G},Elf,deadbeef,,
Arcane Signet,Creature,3,G,{2}{G},Elf,deadbeef,,
Archaeomancer's Map,Creature,3,G,{2}{G},Elf,deadbeef,,
Archfiend of Depravity,Creature,3,G,{2}{G},Elf,deadbeef,,
Archivist,Creature,3,G,{2}{G},Elf,deadbeef,,
Archmage Emeritus,Creature,3,G,{2}{G},Elf,deadbeef,,
Archon of Redemption,Creature,3,G,{2}{G},Elf,deadbeef,,
"Ardbert, Warrior of Darkness",Creature,3,G,{2}{G},Elf,deadbeef,,
Ardent Militia,Creature,3,G,{2}{G},Elf,deadbeef,,
"Ardyn, the Usurper",Creature,3,G,{2}{G},Elf,deadbeef,,
Ark of Hunger,Creature,3,G,{2}{G},Elf,deadbeef,,
Armored Pegasus,Creature,3,G,{2}{G},Elf,deadbeef,,
Armory Automaton,Creature,3,G,{2}{G},Elf,deadbeef,,
Armory Paladin,Creature,3,G,{2}{G},Elf,deadbeef,,
"Arnim Zola, Bio-Fanatic",Creature,3,G,{2}{G},Elf,deadbeef,,
"Arnyn, Deathbloom Botanist",Creature,3,G,{2}{G},Elf,deadbeef,,
Artistic Process,Creature,3,G,{2}{G},Elf,deadbeef,,
Asgardian Citadel,Creature,3,G,{2}{G},Elf,deadbeef,,
Ash Barrens,Creature,3,G,{2}{G},Elf,deadbeef,,
"Ashe, Princess of Dalmasca",Creature,3,G,{2}{G},Elf,deadbeef,,
"Ashling, Rekindled",Creature,3,G,{2}{G},Elf,deadbeef,,
Assassin's Trophy,Creature,3,G,{2}{G},Elf,deadbeef,,
Assert Perfection,Creature,3,G,{2}{G},Elf,deadbeef,,
Astrologian's Planisphere,Creature,3,G,{2}{G},Elf,deadbeef,,
"Atarka, World Render",Creature,3,G,{2}{G},Elf,deadbeef,,
Atlantean Cavalry,Creature,3,G,{2}{G},Elf,deadbeef,,
Atlantean Skirmisher,Creature,3,G,{2}{G},Elf,deadbeef,,
Atlantis Attacks,Creature,3,G,{2}{G},Elf,deadbeef,,
"Atsushi, the Blazing Sky",Creature,3,G,{2}{G},Elf,deadbeef,,
Attercop,Creature,3,G,{2}{G},Elf,deadbeef,,
"Attuma, Atlantean Warlord",Creature,3,G,{2}{G},Elf,deadbeef,,
"Augusta, Order Returned",Creature,3,G,{2}{G},Elf,deadbeef,,
Aunt May,Creature,3,G,{2}{G},Elf,deadbeef,,
Auntie's Sentence,Creature,3,G,{2}{G},Elf,deadbeef,,
Aura Flux,Creature,3,G,{2}{G},Elf,deadbeef,,
Aura Fracture,Creature,3,G,{2}{G},Elf,deadbeef,,
Aura of Silence,Creature,3,G,{2}{G},Elf,deadbeef,,
Aurochs,Creature,3,G,{2}{G},Elf,deadbeef,,
Auspicious Arrival,Creature,3,G,{2}{G},Elf,deadbeef,,
Austere Command,Creature,3,G,{2}{G},Elf,deadbeef,,
Authority of the Consuls,Creature,3,G,{2}{G},Elf,deadbeef,,
Avalanche of Sector 7,Creature,3,G,{2}{G},Elf,deadbeef,,
Avalanche Riders,Creature,3,G,{2}{G},Elf,deadbeef,,
Avatar Enthusiasts,Creature,3,G,{2}{G},Elf,deadbeef,,
Avatar of Hope,Creature,3,G,{2}{G},Elf,deadbeef,,
Avatar of Will,Creature,3,G,{2}{G},Elf,deadbeef,,
Avatar's Wrath,Creature,3,G,{2}{G},Elf,deadbeef,,
Aven Gagglemaster,Creature,3,G,{2}{G},Elf,deadbeef,,
Avenge,Creature,3,G,{2}{G},Elf,deadbeef,,
Avengers Assemble!,Creature,3,G,{2}{G},Elf,deadbeef,,
Avengers Disassembled,Creature,3,G,{2}{G},Elf,deadbeef,,
Avengers Hangar,Creature,3,G,{2}{G},Elf,deadbeef,,
Avengers Quinjet,Creature,3,G,{2}{G},Elf,deadbeef,,
Avengers Tower,Creature,3,G,{2}{G},Elf,deadbeef,,
Awakening Zone,Creature,3,G,{2}{G},Elf,deadbeef,,
Axgard Cavalry,Creature,3,G,{2}{G},Elf,deadbeef,,
Azimaet Drake,Creature,3,G,{2}{G},Elf,deadbeef,,
Azorius Signet,Creature,3,G,{2}{G},Elf,deadbeef,,
"Azula, On the Hunt",Creature,3,G,{2}{G},Elf,deadbeef,,
Back on Track,Creature,3,G,{2}{G},Elf,deadbeef,,
Bagel and Schmear,Creature,3,G,{2}{G},Elf,deadbeef,,
Balamb T-Rexaur,Creature,3,G,{2}{G},Elf,deadbeef,,
Balduvian Barbarians,Creature,3,G,{2}{G},Elf,deadbeef,,
Balduvian Bears,Creature,3,G,{2}{G},Elf,deadbeef,,
Balduvian Shaman,Creature,3,G,{2}{G},Elf,deadbeef,,
Balefire Liege,Creature,3,G,{2}{G},Elf,deadbeef,,
Baleful Strix,Creature,3,G,{2}{G},Elf,deadbeef,,
"Balin, Loremaster",Creature,3,G,{2}{G},Elf,deadbeef,,
Ballista Squad,Creature,3,G,{2}{G},Elf,deadbeef,,
Baloth Woodcrasher,Creature,3,G,{2}{G},Elf,deadbeef,,
Banishing Light,Creature,3,G,{2}{G},Elf,deadbeef,,
Barbarian Guides,Creature,3,G,{2}{G},Elf,deadbeef,,
Barbed Field,Creature,3,G,{2}{G},Elf,deadbeef,,
Bard the Bowman,Creature,3,G,{2}{G},Elf,deadbeef,,
Bard's Bow,Creature,3,G,{2}{G},Elf,deadbeef,,
Baron Helmut Zemo,Creature,3,G,{2}{G},Elf,deadbeef,,
"Baron Strucker, HYDRA Overlord",Creature,3,G,{2}{G},Elf,deadbeef,,
Barrels of Blasting Jelly,Creature,3,G,{2}{G},Elf,deadbeef,,
Barret Wallace,Creature,3,G,{2}{G},Elf,deadbeef,,
"Barret, Avalanche Leader",Creature,3,G,{2}{G},Elf,deadbeef,,
Barrin's Codex,Creature,3,G,{2}{G},Elf,deadbeef,,
Bartz and Boko,Creature,3,G,{2}{G},Elf,deadbeef,,
Basilisk Collar,Creature,3,G,{2}{G},Elf,deadbeef,,
Bastion of Remembrance,Creature,3,G,{2}{G},Elf,deadbeef,,
Bastion Protector,Creature,3,G,{2}{G},Elf,deadbeef,,
Battle Rampart,Creature,3,G,{2}{G},Elf,deadbeef,,
Battlefield Forge,Creature,3,G,{2}{G},Elf,deadbeef,,
Battlefield Percher,Creature,3,G,{2}{G},Elf,deadbeef,,
Baxter Building,Creature,3,G,{2}{G},Elf,deadbeef,,
Beast Mode,Creature,3,G,{2}{G},Elf,deadbeef,,
Beast of Burden,Creature,3,G,{2}{G},Elf,deadbeef,,
Beast Within,Creature,3,G,{2}{G},Elf,deadbeef,,
Beastrider Vanguard,Creature,3,G,{2}{G},Elf,deadbeef,,
"Beatrix, Loyal General",Creature,3,G,{2}{G},Elf,deadbeef,,
"Beetle, Legacy Criminal",Creature,3,G,{2}{G},Elf,deadbeef,,
Befoul,Creature,3,G,{2}{G},Elf,deadbeef,,
Behemoth Sledge,Creature,3,G,{2}{G},Elf,deadbeef,,
Behind the Mask,Creature,3,G,{2}{G},Elf,deadbeef,,
Behold the Sinister Six!,Creature,3,G,{2}{G},Elf,deadbeef,,
Belbe's Armor,Creature,3,G,{2}{G},Elf,deadbeef,,
Belbe's Portal,Creature,3,G,{2}{G},Elf,deadbeef,,
Beledros Witherbloom,Creature,3,G,{2}{G},Elf,deadbeef,,
Benalish Knight,Creature,3,G,{2}{G},Elf,deadbeef,,
Benalish Missionary,Creature,3,G,{2}{G},Elf,deadbeef,,
Beorn's Hospitality,Creature,3,G,{2}{G},Elf,deadbeef,,
"Beorn, Reluctant Host // Till and Tend",Creature,3,G,{2}{G},Elf,deadbeef,,
Bestow Greatness,Creature,3,G,{2}{G},Elf,deadbeef,,
Betrothed of Fire,Creature,3,G,{2}{G},Elf,deadbeef,,
Biblioplex Tomekeeper,Creature,3,G,{2}{G},Elf,deadbeef,,
Bident of Thassa,Creature,3,G,{2}{G},Elf,deadbeef,,
"Bifur, Melodic Rider",Creature,3,G,{2}{G},Elf,deadbeef,,
Big Bertha,Creature,3,G,{2}{G},Elf,deadbeef,,
Big Score,Creature,3,G,{2}{G},Elf,deadbeef,,
Bighorner Rancher,Creature,3,G,{2}{G},Elf,deadbeef,,
"Bilbo Baggins, Burglar // Take a Glance",Creature,3,G,{2}{G},Elf,deadbeef,,
Bilbo's Deadly Slice,Creature,3,G,{2}{G},Elf,deadbeef,,
Binding Grasp,Creature,3,G,{2}{G},Elf,deadbeef,,
Bionic Blow,Creature,3,G,{2}{G},Elf,deadbeef,,
"Bitterthorn, Nissa's Animus",Creature,3,G,{2}{G},Elf,deadbeef,,
"Black Panther, Vanguard",Creature,3,G,{2}{G},Elf,deadbeef,,
Black Tom Cassidy,Creature,3,G,{2}{G},Elf,deadbeef,,
"Black Widow, Agile Avenger",Creature,3,G,{2}{G},Elf,deadbeef,,
"Black Widow, Double Agent",Creature,3,G,{2}{G},Elf,deadbeef,,
Blasphemous Act,Creature,3,G,{2}{G},Elf,deadbeef,,
Blastoderm,Creature,3,G,{2}{G},Elf,deadbeef,,
Blaze,Creature,3,G,{2}{G},Elf,deadbeef,,
Blazing Crescendo,Creature,3,G,{2}{G},Elf,deadbeef,,
Blessed Reversal,Creature,3,G,{2}{G},Elf,deadbeef,,
Blessed Wind,Creature,3,G,{2}{G},Elf,deadbeef,,
Blessed Wine,Creature,3,G,{2}{G},Elf,deadbeef,,
Blight Mound,Creature,3,G,{2}{G},Elf,deadbeef,,
Blight Rot,Creature,3,G,{2}{G},Elf,deadbeef,,
Blighted Blackthorn,Creature,3,G,{2}{G},Elf,deadbeef,,
Blighted Shaman,Creature,3,G,{2}{G},Elf,deadbeef,,
Blockade Runner,Creature,3,G,{2}{G},Elf,deadbeef,,
Blood Artist,Creature,3,G,{2}{G},Elf,deadbeef,,
Bloodfell Caves,Creature,3,G,{2}{G},Elf,deadbeef,,
Bloodforged Battle-Axe,Creature,3,G,{2}{G},Elf,deadbeef,,
Bloodghast,Creature,3,G,{2}{G},Elf,deadbeef,,
Bloodgift Demon,Creature,3,G,{2}{G},Elf,deadbeef,,
Bloodsoaked Insight,Creature,3,G,{2}{G},Elf,deadbeef,,
Blossoming Bogbeast,Creature,3,G,{2}{G},Elf,deadbeef,,
Blossoming Sands,Creature,3,G,{2}{G},Elf,deadbeef,,
Blue Mage's Cane,Creature,3,G,{2}{G},Elf,deadbeef,,
Bog Wraith,Creature,3,G,{2}{G},Elf,deadbeef,,
Bogwater Lumaret,Creature,3,G,{2}{G},Elf,deadbeef,,
Bojuka Bog,Creature,3,G,{2}{G},Elf,deadbeef,,
Bola Warrior,Creature,3,G,{2}{G},Elf,deadbeef,,
Bold Biochemist,Creature,3,G,{2}{G},Elf,deadbeef,,
Bonders' Enclave,Creature,3,G,{2}{G},Elf,deadbeef,,
Bone Shredder,Creature,3,G,{2}{G},Elf,deadbeef,,
"Bonny Pall, Clearcutter",Creature,3,G,{2}{G},Elf,deadbeef,,
Boomerang,Creature,3,G,{2}{G},Elf,deadbeef,,
Boosted Sloop,Creature,3,G,{2}{G},Elf,deadbeef,,
Boros Charm,Creature,3,G,{2}{G},Elf,deadbeef,,
Borough Backup,Creature,3,G,{2}{G},Elf,deadbeef,,
Borrowed Knowledge,Creature,3,G,{2}{G},Elf,deadbeef,,
Bot Bashing Time,Creature,3,G,{2}{G},Elf,deadbeef,,
Boughside Wanderers,Creature,3,G,{2}{G},Elf,deadbeef,,
Bounce Off,Creature,3,G,{2}{G},Elf,deadbeef,,
Bouncing Beebles,Creature,3,G,{2}{G},Elf,deadbeef,,
Brainstealer Dragon,Creature,3,G,{2}{G},Elf,deadbeef,,
Brainstorm,Creature,3,G,{2}{G},Elf,deadbeef,,
Brambleback Brute,Creature,3,G,{2}{G},Elf,deadbeef,,
Branded Brawlers,Creature,3,G,{2}{G},Elf,deadbeef,,
Brash Taunter,Creature,3,G,{2}{G},Elf,deadbeef,,
Brass Knuckles,Creature,3,G,{2}{G},Elf,deadbeef,,
Brave Brawler,Creature,3,G,{2}{G},Elf,deadbeef,,
Brazen Scourge,Creature,3,G,{2}{G},Elf,deadbeef,,
Breach,Creature,3,G,{2}{G},Elf,deadbeef,,
Breaching Dragonstorm,Creature,3,G,{2}{G},Elf,deadbeef,,
Break Down,Creature,3,G,{2}{G},Elf,deadbeef,,
Breath of Life,Creature,3,G,{2}{G},Elf,deadbeef,,
Breath of Malfegor,Creature,3,G,{2}{G},Elf,deadbeef,,
Bribery,Creature,3,G,{2}{G},Elf,deadbeef,,
Bridled Bighorn,Creature,3,G,{2}{G},Elf,deadbeef,,
Brightfield Glider,Creature,3,G,{2}{G},Elf,deadbeef,,
Bring to Light,Creature,3,G,{2}{G},Elf,deadbeef,,
Brink of Madness,Creature,3,G,{2}{G},Elf,deadbeef,,
Broken Wings,Creature,3,G,{2}{G},Elf,deadbeef,,
Bronze Guardian,Creature,3,G,{2}{G},Elf,deadbeef,,
Broodcaller Scourge,Creature,3,G,{2}{G},Elf,deadbeef,,
Brotherhood Outcast,Creature,3,G,{2}{G},Elf,deadbeef,,
Brotherhood's End,Creature,3,G,{2}{G},Elf,deadbeef,,
Brush Off,Creature,3,G,{2}{G},Elf,deadbeef,,
Brushland,Creature,3,G,{2}{G},Elf,deadbeef,,
Bubble Smuggler,Creature,3,G,{2}{G},Elf,deadbeef,,
"Bugenhagen, Wise Elder",Creature,3,G,{2}{G},Elf,deadbeef,,
Bulk Up,Creature,3,G,{2}{G},Elf,deadbeef,,
"Bullseye, Death Dealer",Creature,3,G,{2}{G},Elf,deadbeef,,
Buoyancy,Creature,3,G,{2}{G},Elf,deadbeef,,
Buried Ruin,Creature,3,G,{2}{G},Elf,deadbeef,,
Burner Rocket,Creature,3,G,{2}{G},Elf,deadbeef,,
Burning Curiosity,Creature,3,G,{2}{G},Elf,deadbeef,,
Burnished Hart,Creature,3,G,{2}{G},Elf,deadbeef,,
Burrog Banemaker,Creature,3,G,{2}{G},Elf,deadbeef,,
Burrog Barrage,Creature,3,G,{2}{G},Elf,deadbeef,,
Burrowing,Creature,3,G,{2}{G},Elf,deadbeef,,
Burst of Energy,Creature,3,G,{2}{G},Elf,deadbeef,,
Cackling Witch,Creature,3,G,{2}{G},Elf,deadbeef,,
Cactarantula,Creature,3,G,{2}{G},Elf,deadbeef,,
"Cait Sith, Fortune Teller",Creature,3,G,{2}{G},Elf,deadbeef,,
"Cait, Cage Brawler",Creature,3,G,{2}{G},Elf,deadbeef,,
"Calamity, Galloping Inferno",Creature,3,G,{2}{G},Elf,deadbeef,,
Call Damage Control,Creature,3,G,{2}{G},Elf,deadbeef,,
Call the Mountain Chocobo,Creature,3,G,{2}{G},Elf,deadbeef,,
Call the Spirit Dragons,Creature,3,G,{2}{G},Elf,deadbeef,,
Calming Verse,Creature,3,G,{2}{G},Elf,deadbeef,,
Camera Launcher,Creature,3,G,{2}{G},Elf,deadbeef,,
Campus Composer // Aqueous Aria,Creature,3,G,{2}{G},Elf,deadbeef,,
Cannibalize,Creature,3,G,{2}{G},Elf,deadbeef,,
Canopy Vista,Creature,3,G,{2}{G},Elf,deadbeef,,
Canyon Vaulter,Creature,3,G,{2}{G},Elf,deadbeef,,
Capsize,Creature,3,G,{2}{G},Elf,deadbeef,,
Captain America's Motorcycle,Creature,3,G,{2}{G},Elf,deadbeef,,
Captain America's Shield,Creature,3,G,{2}{G},Elf,deadbeef,,
"Captain America, Living Legend",Creature,3,G,{2}{G},Elf,deadbeef,,
"Captain America, Team Leader",Creature,3,G,{2}{G},Elf,deadbeef,,
"Captain America, Wings of Freedom",Creature,3,G,{2}{G},Elf,deadbeef,,
"Captain Howler, Sea Scourge",Creature,3,G,{2}{G},Elf,deadbeef,,
"Captain Mar-Vell, Space-Born",Creature,3,G,{2}{G},Elf,deadbeef,,
"Captain Marvel, Apex Avenger",Creature,3,G,{2}{G},Elf,deadbeef,,
"Carnage, Crimson Chaos",Creature,3,G,{2}{G},Elf,deadbeef,,
Carrion Wall,Creature,3,G,{2}{G},Elf,deadbeef,,
Cartographer's Hawk,Creature,3,G,{2}{G},Elf,deadbeef,,
Case of the Burning Masks,Creature,3,G,{2}{G},Elf,deadbeef,,
Case of the Gorgon's Kiss,Creature,3,G,{2}{G},Elf,deadbeef,,
"Cass, Hand of Vengeance",Creature,3,G,{2}{G},Elf,deadbeef,,
Castle,Creature,3,G,{2}{G},Elf,deadbeef,,
Castle Doom,Creature,3,G,{2}{G},Elf,deadbeef,,
Casualties of War,Creature,3,G,{2}{G},Elf,deadbeef,,
Cat-Gator,Creature,3,G,{2}{G},Elf,deadbeef,,
Cateran Enforcer,Creature,3,G,{2}{G},Elf,deadbeef,,
Cateran Kidnappers,Creature,3,G,{2}{G},Elf,deadbeef,,
Cateran Summons,Creature,3,G,{2}{G},Elf,deadbeef,,
Cathodion,Creature,3,G,{2}{G},Elf,deadbeef,,
Caustic Wasps,Creature,3,G,{2}{G},Elf,deadbeef,,
Cave Sense,Creature,3,G,{2}{G},Elf,deadbeef,,
Cave-In,Creature,3,G,{2}{G},Elf,deadbeef,,
Cavern Crawler,Creature,3,G,{2}{G},Elf,deadbeef,,
Ceaseless Conflict,Creature,3,G,{2}{G},Elf,deadbeef,,
Celestial Dawn,Creature,3,G,{2}{G},Elf,deadbeef,,
Cerebral Confiscation,Creature,3,G,{2}{G},Elf,deadbeef,,
Ceremonial Guard,Creature,3,G,{2}{G},Elf,deadbeef,,
Cessation,Creature,3,G,{2}{G},Elf,deadbeef,,
Chambered Nautilus,Creature,3,G,{2}{G},Elf,deadbeef,,
Chameleon Spirit,Creature,3,G,{2}{G},Elf,deadbeef,,
"Chameleon, Master of Disguise",Creature,3,G,{2}{G},Elf,deadbeef,,
Champion of the Path,Creature,3,G,{2}{G},Elf,deadbeef,,
Champion of the Weird,Creature,3,G,{2}{G},Elf,deadbeef,,
Champion's Helm,Creature,3,G,{2}{G},Elf,deadbeef,,
Champions from Beyond,Creature,3,G,{2}{G},Elf,deadbeef,,
"Chandra, Flameshaper",Creature,3,G,{2}{G},Elf,deadbeef,,
"Chandra, Spark Hunter",Creature,3,G,{2}{G},Elf,deadbeef,,
Change of Heart,Creature,3,G,{2}{G},Elf,deadbeef,,
Chaos Spewer,Creature,3,G,{2}{G},Elf,deadbeef,,
Chaos Warp,Creature,3,G,{2}{G},Elf,deadbeef,,
Charging Strifeknight,Creature,3,G,{2}{G},Elf,deadbeef,,
Charm Peddler,Creature,3,G,{2}{G},Elf,deadbeef,,
Chase Inspiration,Creature,3,G,{2}{G},Elf,deadbeef,,
Cheerful Osteomancer // Raise Dead,Creature,3,G,{2}{G},Elf,deadbeef,,
Chieftain en-Dal,Creature,3,G,{2}{G},Elf,deadbeef,,
Chill,Creature,3,G,{2}{G},Elf,deadbeef,,
Chilling Apparition,Creature,3,G,{2}{G},Elf,deadbeef,,
Chitin Gravestalker,Creature,3,G,{2}{G},Elf,deadbeef,,
Cho-Arrim Bruiser,Creature,3,G,{2}{G},Elf,deadbeef,,
Cho-Arrim Legate,Creature,3,G,{2}{G},Elf,deadbeef,,
Cho-Manno's Blessing,Creature,3,G,{2}{G},Elf,deadbeef,,
Chocobo Kick,Creature,3,G,{2}{G},Elf,deadbeef,,
Chocobo Racetrack,Creature,3,G,{2}{G},Elf,deadbeef,,
Choked Estuary,Creature,3,G,{2}{G},Elf,deadbeef,,
Choking Vines,Creature,3,G,{2}{G},Elf,deadbeef,,
Chromatic Lantern,Creature,3,G,{2}{G},Elf,deadbeef,,
"Cid, Freeflier Pilot",Creature,3,G,{2}{G},Elf,deadbeef,,
Cinder Barrens,Creature,3,G,{2}{G},Elf,deadbeef,,
Cinder Elemental,Creature,3,G,{2}{G},Elf,deadbeef,,
Cinder Glade,Creature,3,G,{2}{G},Elf,deadbeef,,
Circle of Power,Creature,3,G,{2}{G},Elf,deadbeef,,
Circle of Protection: Black,Creature,3,G,{2}{G},Elf,deadbeef,,
Circle of Protection: Blue,Creature,3,G,{2}{G},Elf,deadbeef,,
Circle of Protection: Green,Creature,3,G,{2}{G},Elf,deadbeef,,
Circle of Protection: Red,Creature,3,G,{2}{G},Elf,deadbeef,,
Circle of Protection: White,Creature,3,G,{2}{G},Elf,deadbeef,,
City Pigeon,Creature,3,G,{2}{G},Elf,deadbeef,,
Claim Jumper,Creature,3,G,{2}{G},Elf,deadbeef,,
Claim the Kingdom,Creature,3,G,{2}{G},Elf,deadbeef,,
Clamorous Ironclad,Creature,3,G,{2}{G},Elf,deadbeef,,
Clash of the Eikons,Creature,3,G,{2}{G},Elf,deadbeef,,
Cleansing Nova,Creature,3,G,{2}{G},Elf,deadbeef,,
Clear,Creature,3,G,{2}{G},Elf,deadbeef,,
Clear the Land,Creature,3,G,{2}{G},Elf,deadbeef,,
Clever Concealment,Creature,3,G,{2}{G},Elf,deadbeef,,
Clever Impersonator,Creature,3,G,{2}{G},Elf,deadbeef,,
Clifftop Retreat,Creature,3,G,{2}{G},Elf,deadbeef,,
"Clive, Ifrit's Dominant",Creature,3,G,{2}{G},Elf,deadbeef,,
"Cloak and Dagger, Entwined",Creature,3,G,{2}{G},Elf,deadbeef,,
Clot Sliver,Creature,3,G,{2}{G},Elf,deadbeef,,
Cloud of Faeries,Creature,3,G,{2}{G},Elf,deadbeef,,
Cloud Sprite,Creature,3,G,{2}{G},Elf,deadbeef,,
Cloud's Limit Break,Creature,3,G,{2}{G},Elf,deadbeef,,
"Cloud, Ex-SOLDIER",Creature,3,G,{2}{G},Elf,deadbeef,,
"Cloud, Planet's Champion",Creature,3,G,{2}{G},Elf,deadbeef,,
Cloudblazer,Creature,3,G,{2}{G},Elf,deadbeef,,
Cloudbound Moogle,Creature,3,G,{2}{G},Elf,deadbeef,,
Cloudskate,Creature,3,G,{2}{G},Elf,deadbeef,,
Cloudspire Coordinator,Creature,3,G,{2}{G},Elf,deadbeef,,
Cloudspire Skycycle,Creature,3,G,{2}{G},Elf,deadbeef,,
Coastal Peak,Creature,3,G,{2}{G},Elf,deadbeef,,
Coastal Piracy,Creature,3,G,{2}{G},Elf,deadbeef,,
Coastal Tower,Creature,3,G,{2}{G},Elf,deadbeef,,
"Codsworth, Handy Helper",Creature,3,G,{2}{G},Elf,deadbeef,,
Coercion,Creature,3,G,{2}{G},Elf,deadbeef,,
Coeurl,Creature,3,G,{2}{G},Elf,deadbeef,,
Coiling Woodworm,Creature,3,G,{2}{G},Elf,deadbeef,,
Coliseum Behemoth,Creature,3,G,{2}{G},Elf,deadbeef,,
Collective Effort,Creature,3,G,{2}{G},Elf,deadbeef,,
"Colleen Wing, Street Samurai",Creature,3,G,{2}{G},Elf,deadbeef,,
Collision Course,Creature,3,G,{2}{G},Elf,deadbeef,,
Colossus Hammer,Creature,3,G,{2}{G},Elf,deadbeef,,
Colossus of the Blood Age,Creature,3,G,{2}{G},Elf,deadbeef,,
Combat Tutorial,Creature,3,G,{2}{G},Elf,deadbeef,,
Combustible Gearhulk,Creature,3,G,{2}{G},Elf,deadbeef,,
Combustion Man,Creature,3,G,{2}{G},Elf,deadbeef,,
Command Tower,Creature,3,G,{2}{G},Elf,deadbeef,,
Commander Sofia Daguerre,Creature,3,G,{2}{G},Elf,deadbeef,,
Commander's Sphere,Creature,3,G,{2}{G},Elf,deadbeef,,
Concealed Weapon,Creature,3,G,{2}{G},Elf,deadbeef,,
Condemn,Creature,3,G,{2}{G},Elf,deadbeef,,
Conformer Shuriken,Creature,3,G,{2}{G},Elf,deadbeef,,
Conqueror's Flail,Creature,3,G,{2}{G},Elf,deadbeef,,
Conspiracy Theorist,Creature,3,G,{2}{G},Elf,deadbeef,,
Constant Mists,Creature,3,G,{2}{G},Elf,deadbeef,,
Construct a Cosmic Cube,Creature,3,G,{2}{G},Elf,deadbeef,,
Containment Construct,Creature,3,G,{2}{G},Elf,deadbeef,,
Contaminated Aquifer,Creature,3,G,{2}{G},Elf,deadbeef,,
Contempt,Creature,3,G,{2}{G},Elf,deadbeef,,
Contract Hero,Creature,3,G,{2}{G},Elf,deadbeef,,
Coral Merfolk,Creature,3,G,{2}{G},Elf,deadbeef,,
Cornered by Black Mages,Creature,3,G,{2}{G},Elf,deadbeef,,
Corrupted Conviction,Creature,3,G,{2}{G},Elf,deadbeef,,
Cosmic Cube,Creature,3,G,{2}{G},Elf,deadbeef,,
Cosmic Spider-Man,Creature,3,G,{2}{G},Elf,deadbeef,,
Cost of Brilliance,Creature,3,G,{2}{G},Elf,deadbeef,,
Costume Closet,Creature,3,G,{2}{G},Elf,deadbeef,,
Counterspell,Creature,3,G,{2}{G},Elf,deadbeef,,
Country Roads,Creature,3,G,{2}{G},Elf,deadbeef,,
Courier of Comestibles,Creature,3,G,{2}{G},Elf,deadbeef,,
Coveted Jewel,Creature,3,G,{2}{G},Elf,deadbeef,,
Crash,Creature,3,G,{2}{G},Elf,deadbeef,,
Crash and Burn,Creature,3,G,{2}{G},Elf,deadbeef,,
Crashing Wave,Creature,3,G,{2}{G},Elf,deadbeef,,
Craven Giant,Creature,3,G,{2}{G},Elf,deadbeef,,
Creakwood Liege,Creature,3,G,{2}{G},Elf,deadbeef,,
Credit Voucher,Creature,3,G,{2}{G},Elf,deadbeef,,
Crenellated Wall,Creature,3,G,{2}{G},Elf,deadbeef,,
Crimson Caravaneer,Creature,3,G,{2}{G},Elf,deadbeef,,
Crimson Operative,Creature,3,G,{2}{G},Elf,deadbeef,,
Crooked Scales,Creature,3,G,{2}{G},Elf,deadbeef,,
Crop Rotation,Creature,3,G,{2}{G},Elf,deadbeef,,
"Crossbones, Malicious Mercenary",Creature,3,G,{2}{G},Elf,deadbeef,,
Crossbow Ambush,Creature,3,G,{2}{G},Elf,deadbeef,,
Crossbow Infantry,Creature,3,G,{2}{G},Elf,deadbeef,,
Crossroads Village,Creature,3,G,{2}{G},Elf,deadbeef,,
Crowd of True Believers,Creature,3,G,{2}{G},Elf,deadbeef,,
Crude Bent Blade,Creature,3,G,{2}{G},Elf,deadbeef,,
Cruel Alliance,Creature,3,G,{2}{G},Elf,deadbeef,,
Crush Contraband,Creature,3,G,{2}{G},Elf,deadbeef,,
Crux of Fate,Creature,3,G,{2}{G},Elf,deadbeef,,
Crypt Rats,Creature,3,G,{2}{G},Elf,deadbeef,,
Crystal Rod,Creature,3,G,{2}{G},Elf,deadbeef,,
Crystal Vein,Creature,3,G,{2}{G},Elf,deadbeef,,
Cuboid Colony,Creature,3,G,{2}{G},Elf,deadbeef,,
Culling Ritual,Creature,3,G,{2}{G},Elf,deadbeef,,
Cultivate,Creature,3,G,{2}{G},Elf,deadbeef,,
Cunning Maneuver,Creature,3,G,{2}{G},Elf,deadbeef,,
Currency Converter,Creature,3,G,{2}{G},Elf,deadbeef,,
Cursecloth Wrappings,Creature,3,G,{2}{G},Elf,deadbeef,,
Cursed Totem,Creature,3,G,{2}{G},Elf,deadbeef,,
Customs Depot,Creature,3,G,{2}{G},Elf,deadbeef,,
Cut a Deal,Creature,3,G,{2}{G},Elf,deadbeef,,
Daily Bugle Building,Creature,3,G,{2}{G},Elf,deadbeef,,
Daily Bugle Reporters,Creature,3,G,{2}{G},Elf,deadbeef,,
Damage Control Crew,Creature,3,G,{2}{G},Elf,deadbeef,,
Dancer's Chakrams,Creature,3,G,{2}{G},Elf,deadbeef,,
Dancing from Dark to Dawn,Creature,3,G,{2}{G},Elf,deadbeef,,
Darba,Creature,3,G,{2}{G},Elf,deadbeef,,
"Daredevil, Man Without Fear",Creature,3,G,{2}{G},Elf,deadbeef,,
Dark Banishing,Creature,3,G,{2}{G},Elf,deadbeef,,
Dark Deed,Creature,3,G,{2}{G},Elf,deadbeef,,
Dark Depths,Creature,3,G,{2}{G},Elf,deadbeef,,
Dark Fortress,Creature,3,G,{2}{G},Elf,deadbeef,,
Dark Knight's Greatsword,Creature,3,G,{2}{G},Elf,deadbeef,,
Dark Ritual,Creature,3,G,{2}{G},Elf,deadbeef,,
Dark Triumph,Creature,3,G,{2}{G},Elf,deadbeef,,
Darksteel Plate,Creature,3,G,{2}{G},Elf,deadbeef,,
Darkwater Catacombs,Creature,3,G,{2}{G},Elf,deadbeef,,
Darting Merfolk,Creature,3,G,{2}{G},Elf,deadbeef,,
Dawn's Light Archer,Creature,3,G,{2}{G},Elf,deadbeef,,
Dawn-Blessed Pennant,Creature,3,G,{2}{G},Elf,deadbeef,,
Day of Black Sun,Creature,3,G,{2}{G},Elf,deadbeef,,
Daze,Creature,3,G,{2}{G},Elf,deadbeef,,
Deadly Brew,Creature,3,G,{2}{G},Elf,deadbeef,,
Deadly Dispute,Creature,3,G,{2}{G},Elf,deadbeef,,
Deadly Embrace,Creature,3,G,{2}{G},Elf,deadbeef,,
Deadly Tempest,Creature,3,G,{2}{G},Elf,deadbeef,,
Death Cloud,Creature,3,G,{2}{G},Elf,deadbeef,,
Death in the Family,Creature,3,G,{2}{G},Elf,deadbeef,,
Death Pit Offering,Creature,3,G,{2}{G},Elf,deadbeef,,
Death Speakers,Creature,3,G,{2}{G},Elf,deadbeef,,
Death to Our Enemies,Creature,3,G,{2}{G},Elf,deadbeef,,
Deathgazer,Creature,3,G,{2}{G},Elf,deadbeef,,
Deathless Pilot,Creature,3,G,{2}{G},Elf,deadbeef,,
Decadent Dragon // Expensive Taste,Creature,3,G,{2}{G},Elf,deadbeef,,
Deceit,Creature,3,G,{2}{G},Elf,deadbeef,,
Decimate,Creature,3,G,{2}{G},Elf,deadbeef,,
Decoy Ploy,Creature,3,G,{2}{G},Elf,deadbeef,,
Deduce,Creature,3,G,{2}{G},Elf,deadbeef,,
Deepwood Drummer,Creature,3,G,{2}{G},Elf,deadbeef,,
Deepwood Tantiv,Creature,3,G,{2}{G},Elf,deadbeef,,
Deepwood Wolverine,Creature,3,G,{2}{G},Elf,deadbeef,,
Defender en-Vec,Creature,3,G,{2}{G},Elf,deadbeef,,
Defender of Chaos,Creature,3,G,{2}{G},Elf,deadbeef,,
Defender of Law,Creature,3,G,{2}{G},Elf,deadbeef,,
Defense Grid,Creature,3,G,{2}{G},Elf,deadbeef,,
Defensive Formation,Creature,3,G,{2}{G},Elf,deadbeef,,
Defiant Falcon,Creature,3,G,{2}{G},Elf,deadbeef,,
Defiant Vanguard,Creature,3,G,{2}{G},Elf,deadbeef,,
Defiling Daemogoth,Creature,3,G,{2}{G},Elf,deadbeef,,
Dehydration,Creature,3,G,{2}{G},Elf,deadbeef,,
Deluge Virtuoso,Creature,3,G,{2}{G},Elf,deadbeef,,
Demolition Field,Creature,3,G,{2}{G},Elf,deadbeef,,
Dependable Quinjet,Creature,3,G,{2}{G},Elf,deadbeef,,
Depower,Creature,3,G,{2}{G},Elf,deadbeef,,
Derelor,Creature,3,G,{2}{G},Elf,deadbeef,,
Deserted Beach,Creature,3,G,{2}{G},Elf,deadbeef,,
Desolate Mire,Creature,3,G,{2}{G},Elf,deadbeef,,
Desolation Prowler,Creature,3,G,{2}{G},Elf,deadbeef,,
Desperate Bloodseeker,Creature,3,G,{2}{G},Elf,deadbeef,,
Despondency,Creature,3,G,{2}{G},Elf,deadbeef,,
Destroy Evil,Creature,3,G,{2}{G},Elf,deadbeef,,
Devil Dinosaur,Creature,3,G,{2}{G},Elf,deadbeef,,
Devout Harpist,Creature,3,G,{2}{G},Elf,deadbeef,,
Devout Witness,Creature,3,G,{2}{G},Elf,deadbeef,,
Diamond Pick-Axe,Creature,3,G,{2}{G},Elf,deadbeef,,
Diary of Dreams,Creature,3,G,{2}{G},Elf,deadbeef,,
Dictate of the Twin Gods,Creature,3,G,{2}{G},Elf,deadbeef,,
Dig Site Inventory,Creature,3,G,{2}{G},Elf,deadbeef,,
Dig Through Time,Creature,3,G,{2}{G},Elf,deadbeef,,
Diluvian Primordial,Creature,3,G,{2}{G},Elf,deadbeef,,
"Dina, Essence Brewer",Creature,3,G,{2}{G},Elf,deadbeef,,
"Dina, Soul Steeper",Creature,3,G,{2}{G},Elf,deadbeef,,
Diplomatic Immunity,Creature,3,G,{2}{G},Elf,deadbeef,,
Director Nick Fury,Creature,3,G,{2}{G},Elf,deadbeef,,
Discerning Peddler,Creature,3,G,{2}{G},Elf,deadbeef,,
Disciple of Law,Creature,3,G,{2}{G},Elf,deadbeef,,
Disease Carriers,Creature,3,G,{2}{G},Elf,deadbeef,,
Disenchant,Creature,3,G,{2}{G},Elf,deadbeef,,
Dismantling Wave,Creature,3,G,{2}{G},Elf,deadbeef,,
Dismissive Denial,Creature,3,G,{2}{G},Elf,deadbeef,,
Dispatch,Creature,3,G,{2}{G},Elf,deadbeef,,
Dissection Practice,Creature,3,G,{2}{G},Elf,deadbeef,,
District Mascot,Creature,3,G,{2}{G},Elf,deadbeef,,
Divergent Equation,Creature,3,G,{2}{G},Elf,deadbeef,,
Diversion Unit,Creature,3,G,{2}{G},Elf,deadbeef,,
Divine Transformation,Creature,3,G,{2}{G},Elf,deadbeef,,
Diving Griffin,Creature,3,G,{2}{G},Elf,deadbeef,,
Doc Ock's Henchmen,Creature,3,G,{2}{G},Elf,deadbeef,,
Doc Ock's Tentacles,Creature,3,G,{2}{G},Elf,deadbeef,,
"Doc Ock, Sinister Scientist",Creature,3,G,{2}{G},Elf,deadbeef,,
"Doc Samson, Super Psychiatrist",Creature,3,G,{2}{G},Elf,deadbeef,,
Doctor Doom,Creature,3,G,{2}{G},Elf,deadbeef,,
"Dogmeat, Ever Loyal",Creature,3,G,{2}{G},Elf,deadbeef,,
Dominate,Creature,3,G,{2}{G},Elf,deadbeef,,
Don't Move,Creature,3,G,{2}{G},Elf,deadbeef,,
"Donatello, Way with Machines",Creature,3,G,{2}{G},Elf,deadbeef,,
Doom Reigns Supreme,Creature,3,G,{2}{G},Elf,deadbeef,,
Door of Destinies,Creature,3,G,{2}{G},Elf,deadbeef,,
Doorman,Creature,3,G,{2}{G},Elf,deadbeef,,
"Dori, Bearer of Friends",Creature,3,G,{2}{G},Elf,deadbeef,,
Dose of Dawnglow,Creature,3,G,{2}{G},Elf,deadbeef,,
"Down, Down to Goblin-town",Creature,3,G,{2}{G},Elf,deadbeef,,
Downhill Charge,Creature,3,G,{2}{G},Elf,deadbeef,,
Dragon Broodmother,Creature,3,G,{2}{G},Elf,deadbeef,,
Dragon Tempest,Creature,3,G,{2}{G},Elf,deadbeef,,
"Dragonhawk, Fate's Tempest",Creature,3,G,{2}{G},Elf,deadbeef,,
Dragonlord Dromoka,Creature,3,G,{2}{G},Elf,deadbeef,,
Dragonlord Ojutai,Creature,3,G,{2}{G},Elf,deadbeef,,
Dragonlord Silumgar,Creature,3,G,{2}{G},Elf,deadbeef,,
Dragonmaster Outcast,Creature,3,G,{2}{G},Elf,deadbeef,,
Dragonspeaker Shaman,Creature,3,G,{2}{G},Elf,deadbeef,,
Dragoon's Lance,Creature,3,G,{2}{G},Elf,deadbeef,,
Dragoon's Wyvern,Creature,3,G,{2}{G},Elf,deadbeef,,
Drake Hatchling,Creature,3,G,{2}{G},Elf,deadbeef,,
Dreaded Bat-Cloud,Creature,3,G,{2}{G},Elf,deadbeef,,
Dreadwing Scavenger,Creature,3,G,{2}{G},Elf,deadbeef,,
Dream Beavers,Creature,3,G,{2}{G},Elf,deadbeef,,
Dream Cache,Creature,3,G,{2}{G},Elf,deadbeef,,
Dream Prowler,Creature,3,G,{2}{G},Elf,deadbeef,,
Dream Seizer,Creature,3,G,{2}{G},Elf,deadbeef,,
Dreams of Laguna,Creature,3,G,{2}{G},Elf,deadbeef,,
Dredge the Mire,Creature,3,G,{2}{G},Elf,deadbeef,,
Drifting Meadow,Creature,3,G,{2}{G},Elf,deadbeef,,
Drowned Catacomb,Creature,3,G,{2}{G},Elf,deadbeef,,
Drudge Skeletons,Creature,3,G,{2}{G},Elf,deadbeef,,
Drumbellower,Creature,3,G,{2}{G},Elf,deadbeef,,
"Duchess, Wayward Tavernkeep",Creature,3,G,{2}{G},Elf,deadbeef,,
Dungeon Shade,Creature,3,G,{2}{G},Elf,deadbeef,,
Duskwatch Hunter,Creature,3,G,{2}{G},Elf,deadbeef,,
Duty Beyond Death,Creature,3,G,{2}{G},Elf,deadbeef,,
Dwarven Berserker,Creature,3,G,{2}{G},Elf,deadbeef,,
Dwarven Castle Guard,Creature,3,G,{2}{G},Elf,deadbeef,,
Dwarven Mattock,Creature,3,G,{2}{G},Elf,deadbeef,,
Dwarven Mauler,Creature,3,G,{2}{G},Elf,deadbeef,,
Dwarven Ruins,Creature,3,G,{2}{G},Elf,deadbeef,,
Dwarven Shortsword,Creature,3,G,{2}{G},Elf,deadbeef,,
Dáin Ironfoot,Creature,3,G,{2}{G},Elf,deadbeef,,
Eager Glyphmage,Creature,3,G,{2}{G},Elf,deadbeef,,
Earth Kingdom Jailer,Creature,3,G,{2}{G},Elf,deadbeef,,
Earth Kingdom Protectors,Creature,3,G,{2}{G},Elf,deadbeef,,
Earth Rumble,Creature,3,G,{2}{G},Elf,deadbeef,,
Earth's Mightiest Heroes,Creature,3,G,{2}{G},Elf,deadbeef,,
Earthrumbler,Creature,3,G,{2}{G},Elf,deadbeef,,
Eccentric Pestfinder // Turn Stones,Creature,3,G,{2}{G},Elf,deadbeef,,
"Echo, Perceptive Prodigy",Creature,3,G,{2}{G},Elf,deadbeef,,
Eclipsed Boggart,Creature,3,G,{2}{G},Elf,deadbeef,,
Eclipsed Elf,Creature,3,G,{2}{G},Elf,deadbeef,,
Eclipsed Flamekin,Creature,3,G,{2}{G},Elf,deadbeef,,
Eclipsed Kithkin,Creature,3,G,{2}{G},Elf,deadbeef,,
Eclipsed Merrow,Creature,3,G,{2}{G},Elf,deadbeef,,
Eerie Gravestone,Creature,3,G,{2}{G},Elf,deadbeef,,
Efflorescence,Creature,3,G,{2}{G},Elf,deadbeef,,
Ekundu Griffin,Creature,3,G,{2}{G},Elf,deadbeef,,
Elder Auntie,Creature,3,G,{2}{G},Elf,deadbeef,,
Electro's Bolt,Creature,3,G,{2}{G},Elf,deadbeef,,
"Electro, Assaulting Battery",Creature,3,G,{2}{G},Elf,deadbeef,,
Electroduplicate,Creature,3,G,{2}{G},Elf,deadbeef,,
"Elektra, Daughter of the Hand",Creature,3,G,{2}{G},Elf,deadbeef,,
"Elektra, Femme Fatale",Creature,3,G,{2}{G},Elf,deadbeef,,
Elemental Mascot,Creature,3,G,{2}{G},Elf,deadbeef,,
"Elena, Turk Recruit",Creature,3,G,{2}{G},Elf,deadbeef,,
Elephant Grass,Creature,3,G,{2}{G},Elf,deadbeef,,
Elite Interceptor // Rejoinder,Creature,3,G,{2}{G},Elf,deadbeef,,
Elven Cache,Creature,3,G,{2}{G},Elf,deadbeef,,
Elven Riders,Creature,3,G,{2}{G},Elf,deadbeef,,
Elvenking's Halls,Creature,3,G,{2}{G},Elf,deadbeef,,
Elvish Lyrist,Creature,3,G,{2}{G},Elf,deadbeef,,
Elvish Mystic,Creature,3,G,{2}{G},Elf,deadbeef,,
Embalmed Ascendant,Creature,3,G,{2}{G},Elf,deadbeef,,
Embrace the Paradox,Creature,3,G,{2}{G},Elf,deadbeef,,
Emeria Angel,Creature,3,G,{2}{G},Elf,deadbeef,,
"Emeria, the Sky Ruin",Creature,3,G,{2}{G},Elf,deadbeef,,
Emeritus of Ideation // Ancestral Recall,Creature,3,G,{2}{G},Elf,deadbeef,,
Emet-Selch of the Third Seat,Creature,3,G,{2}{G},Elf,deadbeef,,
"Emil, Vastlands Roamer",Creature,3,G,{2}{G},Elf,deadbeef,,
Empyrean Eagle,Creature,3,G,{2}{G},Elf,deadbeef,,
Enchanted River's Grasp,Creature,3,G,{2}{G},Elf,deadbeef,,
End-Blaze Epiphany,Creature,3,G,{2}{G},Elf,deadbeef,,
Endbringer's Revel,Creature,3,G,{2}{G},Elf,deadbeef,,
Endless Detour,Creature,3,G,{2}{G},Elf,deadbeef,,
Endrider Catalyzer,Creature,3,G,{2}{G},Elf,deadbeef,,
Energy Flux,Creature,3,G,{2}{G},Elf,deadbeef,,
Enfeeblement,Creature,3,G,{2}{G},Elf,deadbeef,,
Engineered Plague,Creature,3,G,{2}{G},Elf,deadbeef,,
Enraged Flamecaster,Creature,3,G,{2}{G},Elf,deadbeef,,
Environmental Scientist,Creature,3,G,{2}{G},Elf,deadbeef,,
Epic Fight,Creature,3,G,{2}{G},Elf,deadbeef,,
Erase,Creature,3,G,{2}{G},Elf,deadbeef,,
Eriette's Lullaby,Creature,3,G,{2}{G},Elf,deadbeef,,
Errantry,Creature,3,G,{2}{G},Elf,deadbeef,,
Esgaroth Garrison,Creature,3,G,{2}{G},Elf,deadbeef,,
Essence Filter,Creature,3,G,{2}{G},Elf,deadbeef,,
Essence Scatter,Creature,3,G,{2}{G},Elf,deadbeef,,
Essenceknit Scholar,Creature,3,G,{2}{G},Elf,deadbeef,,
Estinien Varlineau,Creature,3,G,{2}{G},Elf,deadbeef,,
Eternal Student,Creature,3,G,{2}{G},Elf,deadbeef,,
Ether,Creature,3,G,{2}{G},Elf,deadbeef,,
Ether Well,Creature,3,G,{2}{G},Elf,deadbeef,,
Evacuation,Creature,3,G,{2}{G},Elf,deadbeef,,
Ever-Watching Threshold,Creature,3,G,{2}{G},Elf,deadbeef,,
Evershrike's Gift,Creature,3,G,{2}{G},Elf,deadbeef,,
Evil Reawakened,Creature,3,G,{2}{G},Elf,deadbeef,,
Evil's Thrall,Creature,3,G,{2}{G},Elf,deadbeef,,
Evolving Wilds,Creature,3,G,{2}{G},Elf,deadbeef,,
Excalibur II,Creature,3,G,{2}{G},Elf,deadbeef,,
"Excava, the Risen Past",Creature,3,G,{2}{G},Elf,deadbeef,,
Excavation,Creature,3,G,{2}{G},Elf,deadbeef,,
Excise,Creature,3,G,{2}{G},Elf,deadbeef,,
Exhibition Tidecaller,Creature,3,G,{2}{G},Elf,deadbeef,,
Exotic Orchard,Creature,3,G,{2}{G},Elf,deadbeef,,
Expendable Troops,Creature,3,G,{2}{G},Elf,deadbeef,,
Explorer's Scope,Creature,3,G,{2}{G},Elf,deadbeef,,
Explosion of Riches,Creature,3,G,{2}{G},Elf,deadbeef,,
Explosive Prodigy,Creature,3,G,{2}{G},Elf,deadbeef,,
Expressive Firedancer,Creature,3,G,{2}{G},Elf,deadbeef,,
Exsanguinate,Creature,3,G,{2}{G},Elf,deadbeef,,
Extinction Event,Creature,3,G,{2}{G},Elf,deadbeef,,
Extract Power,Creature,3,G,{2}{G},Elf,deadbeef,,
Extremis Elite,Creature,3,G,{2}{G},Elf,deadbeef,,
Eye of Nidhogg,Creature,3,G,{2}{G},Elf,deadbeef,,
Eye Spy,Creature,3,G,{2}{G},Elf,deadbeef,,
"Ezekiel Sims, Spider-Totem",Creature,3,G,{2}{G},Elf,deadbeef,,
Fabled Passage,Creature,3,G,{2}{G},Elf,deadbeef,,
Faerie Conclave,Creature,3,G,{2}{G},Elf,deadbeef,,
Faerie Formation,Creature,3,G,{2}{G},Elf,deadbeef,,
Faith Healer,Creature,3,G,{2}{G},Elf,deadbeef,,
Faithless Looting,Creature,3,G,{2}{G},Elf,deadbeef,,
Falcon and Redwing,Creature,3,G,{2}{G},Elf,deadbeef,,
Falcon's Wing Harness,Creature,3,G,{2}{G},Elf,deadbeef,,
"Falcon, Winged Wonder",Creature,3,G,{2}{G},Elf,deadbeef,,
Fallen Angel,Creature,3,G,{2}{G},Elf,deadbeef,,
False Demise,Creature,3,G,{2}{G},Elf,deadbeef,,
False Prophet,Creature,3,G,{2}{G},Elf,deadbeef,,
Familiar Ground,Creature,3,G,{2}{G},Elf,deadbeef,,
Fanatical Devotion,Creature,3,G,{2}{G},Elf,deadbeef,,
"Fandaniel, Telophoroi Ascian",Creature,3,G,{2}{G},Elf,deadbeef,,
Fang-Druid Summoner,Creature,3,G,{2}{G},Elf,deadbeef,,
Farseek,Creature,3,G,{2}{G},Elf,deadbeef,,
Fatal Fissure,Creature,3,G,{2}{G},Elf,deadbeef,,
Fate of the Sun-Cryst,Creature,3,G,{2}{G},Elf,deadbeef,,
Fateful Tempest,Creature,3,G,{2}{G},Elf,deadbeef,,
Fault Riders,Creature,3,G,{2}{G},Elf,deadbeef,,
Favorable Winds,Creature,3,G,{2}{G},Elf,deadbeef,,
Fear,Creature,3,G,{2}{G},Elf,deadbeef,,
Feast of the Unicorn,Creature,3,G,{2}{G},Elf,deadbeef,,
Feed the Flames,Creature,3,G,{2}{G},Elf,deadbeef,,
Feed the Swarm,Creature,3,G,{2}{G},Elf,deadbeef,,
Feisty Spikeling,Creature,3,G,{2}{G},Elf,deadbeef,,
Fellwar Stone,Creature,3,G,{2}{G},Elf,deadbeef,,
Fend Off,Creature,3,G,{2}{G},Elf,deadbeef,,
Feral Appetite,Creature,3,G,{2}{G},Elf,deadbeef,,
Ferocity,Creature,3,G,{2}{G},Elf,deadbeef,,
Fertile Ground,Creature,3,G,{2}{G},Elf,deadbeef,,
Festering Thicket,Creature,3,G,{2}{G},Elf,deadbeef,,
Fetid Heath,Creature,3,G,{2}{G},Elf,deadbeef,,
Fetid Horror,Creature,3,G,{2}{G},Elf,deadbeef,,
Fields of Strife,Creature,3,G,{2}{G},Elf,deadbeef,,
Fiendish Panda,Creature,3,G,{2}{G},Elf,deadbeef,,
Fiery Confluence,Creature,3,G,{2}{G},Elf,deadbeef,,
Fiery Emancipation,Creature,3,G,{2}{G},Elf,deadbeef,,
Fight On!,Creature,3,G,{2}{G},Elf,deadbeef,,
Fin Fang Foom,Creature,3,G,{2}{G},Elf,deadbeef,,
Final Act,Creature,3,G,{2}{G},Elf,deadbeef,,
Final Fortune,Creature,3,G,{2}{G},Elf,deadbeef,,
Final Judgment,Creature,3,G,{2}{G},Elf,deadbeef,,
Fire Lord Azula,Creature,3,G,{2}{G},Elf,deadbeef,,
Fire Nation Cadets,Creature,3,G,{2}{G},Elf,deadbeef,,
Fire Nation Palace,Creature,3,G,{2}{G},Elf,deadbeef,,
Fire Nation Raider,Creature,3,G,{2}{G},Elf,deadbeef,,
Fire Nation Warship,Creature,3,G,{2}{G},Elf,deadbeef,,
Fire Navy Trebuchet,Creature,3,G,{2}{G},Elf,deadbeef,,
Fire Sages,Creature,3,G,{2}{G},Elf,deadbeef,,
Fire-Lit Thicket,Creature,3,G,{2}{G},Elf,deadbeef,,
Firebending Lesson,Creature,3,G,{2}{G},Elf,deadbeef,,
"Firebird, Blazing Ranger",Creature,3,G,{2}{G},Elf,deadbeef,,
Fireshrieker,Creature,3,G,{2}{G},Elf,deadbeef,,
First-Time Flyer,Creature,3,G,{2}{G},Elf,deadbeef,,
Fit of Rage,Creature,3,G,{2}{G},Elf,deadbeef,,
Flailing Soldier,Creature,3,G,{2}{G},Elf,deadbeef,,
Flame Elemental,Creature,3,G,{2}{G},Elf,deadbeef,,
Flame Rift,Creature,3,G,{2}{G},Elf,deadbeef,,
Flame Spirit,Creature,3,G,{2}{G},Elf,deadbeef,,
Flameshot,Creature,3,G,{2}{G},Elf,deadbeef,,
Flaming Sword,Creature,3,G,{2}{G},Elf,deadbeef,,
"Flash Thompson, Spider-Fan",Creature,3,G,{2}{G},Elf,deadbeef,,
Flashfires,Creature,3,G,{2}{G},Elf,deadbeef,,
Flatman,Creature,3,G,{2}{G},Elf,deadbeef,,
Fledgling Djinn,Creature,3,G,{2}{G},Elf,deadbeef,,
Fling,Creature,3,G,{2}{G},Elf,deadbeef,,
Flint Golem,Creature,3,G,{2}{G},Elf,deadbeef,,
Flock Impostor,Creature,3,G,{2}{G},Elf,deadbeef,,
Flood the Engine,Creature,3,G,{2}{G},Elf,deadbeef,,
Flowstone Armor,Creature,3,G,{2}{G},Elf,deadbeef,,
Flowstone Hellion,Creature,3,G,{2}{G},Elf,deadbeef,,
Flowstone Shambler,Creature,3,G,{2}{G},Elf,deadbeef,,
Flowstone Strike,Creature,3,G,{2}{G},Elf,deadbeef,,
Flowstone Surge,Creature,3,G,{2}{G},Elf,deadbeef,,
Flowstone Wall,Creature,3,G,{2}{G},Elf,deadbeef,,
Flying Drone,Creature,3,G,{2}{G},Elf,deadbeef,,
Flying Octobot,Creature,3,G,{2}{G},Elf,deadbeef,,
Fog,Creature,3,G,{2}{G},Elf,deadbeef,,
Fog Bank,Creature,3,G,{2}{G},Elf,deadbeef,,
Fog Elemental,Creature,3,G,{2}{G},Elf,deadbeef,,
Fog of Gnats,Creature,3,G,{2}{G},Elf,deadbeef,,
Fog Patch,Creature,3,G,{2}{G},Elf,deadbeef,,
Foggy Swamp Spirit Keeper,Creature,3,G,{2}{G},Elf,deadbeef,,
Foggy Swamp Vinebender,Creature,3,G,{2}{G},Elf,deadbeef,,
Folk Hero,Creature,3,G,{2}{G},Elf,deadbeef,,
Follow the Lumarets,Creature,3,G,{2}{G},Elf,deadbeef,,
Foolish Fate,Creature,3,G,{2}{G},Elf,deadbeef,,
Foraging Wickermaw,Creature,3,G,{2}{G},Elf,deadbeef,,
Forbidding Watchtower,Creature,3,G,{2}{G},Elf,deadbeef,,
Force of Will,Creature,3,G,{2}{G},Elf,deadbeef,,
Foreboding Ruins,Creature,3,G,{2}{G},Elf,deadbeef,,
Forest,Creature,3,G,{2}{G},Elf,deadbeef,,
Forge Anew,Creature,3,G,{2}{G},Elf,deadbeef,,
Fortified Village,Creature,3,G,{2}{G},Elf,deadbeef,,
Forum Necroscribe,Creature,3,G,{2}{G},Elf,deadbeef,,
Forum of Amity,Creature,3,G,{2}{G},Elf,deadbeef,,
Foul Familiar,Creature,3,G,{2}{G},Elf,deadbeef,,
Foul Imp,Creature,3,G,{2}{G},Elf,deadbeef,,
Fountain of Cho,Creature,3,G,{2}{G},Elf,deadbeef,,
Fountain Watch,Creature,3,G,{2}{G},Elf,deadbeef,,
Foxfire,Creature,3,G,{2}{G},Elf,deadbeef,,
Fractal Anomaly,Creature,3,G,{2}{G},Elf,deadbeef,,
Fractal Mascot,Creature,3,G,{2}{G},Elf,deadbeef,,
Fractal Tender,Creature,3,G,{2}{G},Elf,deadbeef,,
Fracture,Creature,3,G,{2}{G},Elf,deadbeef,,
Frantic Search,Creature,3,G,{2}{G},Elf,deadbeef,,
Freestrider Commando,Creature,3,G,{2}{G},Elf,deadbeef,,
Front Porch Sentries,Creature,3,G,{2}{G},Elf,deadbeef,,
Frostboil Snarl,Creature,3,G,{2}{G},Elf,deadbeef,,
Frostcliff Siege,Creature,3,G,{2}{G},Elf,deadbeef,,
Frozen in Ice,Creature,3,G,{2}{G},Elf,deadbeef,,
Fumarole,Creature,3,G,{2}{G},Elf,deadbeef,,
Furious Assault,Creature,3,G,{2}{G},Elf,deadbeef,,
Furious Rise,Creature,3,G,{2}{G},Elf,deadbeef,,
Furnace Spirit,Creature,3,G,{2}{G},Elf,deadbeef,,
Furycalm Snarl,Creature,3,G,{2}{G},Elf,deadbeef,,
Fuss // Bother,Creature,3,G,{2}{G},Elf,deadbeef,,
Futurist Forge,Creature,3,G,{2}{G},Elf,deadbeef,,
Fyndhorn Brownie,Creature,3,G,{2}{G},Elf,deadbeef,,
G'raha Tia,Creature,3,G,{2}{G},Elf,deadbeef,,
"G'raha Tia, Scion Reborn",Creature,3,G,{2}{G},Elf,deadbeef,,
Gadget Technician,Creature,3,G,{2}{G},Elf,deadbeef,,
Gaelicat,Creature,3,G,{2}{G},Elf,deadbeef,,
Gallant Citizen,Creature,3,G,{2}{G},Elf,deadbeef,,
Gallant Fowlknight,Creature,3,G,{2}{G},Elf,deadbeef,,
Galuf's Final Act,Creature,3,G,{2}{G},Elf,deadbeef,,
Game Trail,Creature,3,G,{2}{G},Elf,deadbeef,,
"Ganax, Astral Hunter",Creature,3,G,{2}{G},Elf,deadbeef,,
"Gandalf, Wandering Wizard",Creature,3,G,{2}{G},Elf,deadbeef,,
Gangly Stompling,Creature,3,G,{2}{G},Elf,deadbeef,,
Gangrenous Zombies,Creature,3,G,{2}{G},Elf,deadbeef,,
"Garnet, Princess of Alexandria",Creature,3,G,{2}{G},Elf,deadbeef,,
Gas Guzzler,Creature,3,G,{2}{G},Elf,deadbeef,,
Gaseous Form,Creature,3,G,{2}{G},Elf,deadbeef,,
Gathering Place,Creature,3,G,{2}{G},Elf,deadbeef,,
Gaze of Pain,Creature,3,G,{2}{G},Elf,deadbeef,,
Gearbane Orangutan,Creature,3,G,{2}{G},Elf,deadbeef,,
Gearseeker Serpent,Creature,3,G,{2}{G},Elf,deadbeef,,
Generous Gift,Creature,3,G,{2}{G},Elf,deadbeef,,
Geode Rager,Creature,3,G,{2}{G},Elf,deadbeef,,
Germination Practicum,Creature,3,G,{2}{G},Elf,deadbeef,,
Gerrard's Irregulars,Creature,3,G,{2}{G},Elf,deadbeef,,
Get a Leg Up,Creature,3,G,{2}{G},Elf,deadbeef,,
Getaway Glamer,Creature,3,G,{2}{G},Elf,deadbeef,,
Geyser Drake,Creature,3,G,{2}{G},Elf,deadbeef,,
Geyser Leaper,Creature,3,G,{2}{G},Elf,deadbeef,,
Ghitu Encampment,Creature,3,G,{2}{G},Elf,deadbeef,,
Ghitu Fire-Eater,Creature,3,G,{2}{G},Elf,deadbeef,,
Ghitu Slinger,Creature,3,G,{2}{G},Elf,deadbeef,,
Ghitu War Cry,Creature,3,G,{2}{G},Elf,deadbeef,,
"Ghost, Spectral Saboteur",Creature,3,G,{2}{G},Elf,deadbeef,,
Giant Caterpillar,Creature,3,G,{2}{G},Elf,deadbeef,,
Giant Growth,Creature,3,G,{2}{G},Elf,deadbeef,,
Giant's Boulder,Creature,3,G,{2}{G},Elf,deadbeef,,
Giant-Sized Flying Ant,Creature,3,G,{2}{G},Elf,deadbeef,,
Gideon Jura,Creature,3,G,{2}{G},Elf,deadbeef,,
Gift of Immortality,Creature,3,G,{2}{G},Elf,deadbeef,,
Gila Courser,Creature,3,G,{2}{G},Elf,deadbeef,,
Gilded Ghoda,Creature,3,G,{2}{G},Elf,deadbeef,,
Gilded Goose,Creature,3,G,{2}{G},Elf,deadbeef,,
Gilt-Leaf's Embrace,Creature,3,G,{2}{G},Elf,deadbeef,,
"Giott, King of the Dwarves",Creature,3,G,{2}{G},Elf,deadbeef,,
Glacial Fortress,Creature,3,G,{2}{G},Elf,deadbeef,,
Glacial Wall,Creature,3,G,{2}{G},Elf,deadbeef,,
Gladiolus Amicitia,Creature,3,G,{2}{G},Elf,deadbeef,,
Glamermite,Creature,3,G,{2}{G},Elf,deadbeef,,
Glasses of Urza,Creature,3,G,{2}{G},Elf,deadbeef,,
Gleaming Barrier,Creature,3,G,{2}{G},Elf,deadbeef,,
Gleaming Bastion,Creature,3,G,{2}{G},Elf,deadbeef,,
Glider Kids,Creature,3,G,{2}{G},Elf,deadbeef,,
Glitch Ghost Surveyor,Creature,3,G,{2}{G},Elf,deadbeef,,
Glittering Lynx,Creature,3,G,{2}{G},Elf,deadbeef,,
Glittering Massif,Creature,3,G,{2}{G},Elf,deadbeef,,
Glorious Decay,Creature,3,G,{2}{G},Elf,deadbeef,,
Glóin the Mighty // Easy Pickings,Creature,3,G,{2}{G},Elf,deadbeef,,
Go Nuts!,Creature,3,G,{2}{G},Elf,deadbeef,,
Goblin Boarders,Creature,3,G,{2}{G},Elf,deadbeef,,
Goblin Cadets,Creature,3,G,{2}{G},Elf,deadbeef,,
Goblin Digging Team,Creature,3,G,{2}{G},Elf,deadbeef,,
Goblin Elite Infantry,Creature,3,G,{2}{G},Elf,deadbeef,,
Goblin Glasswright // Craft with Pride,Creature,3,G,{2}{G},Elf,deadbeef,,
Goblin Hero,Creature,3,G,{2}{G},Elf,deadbeef,,
Goblin Lackey,Creature,3,G,{2}{G},Elf,deadbeef,,
Goblin Medics,Creature,3,G,{2}{G},Elf,deadbeef,,
Goblin Plate Mail,Creature,3,G,{2}{G},Elf,deadbeef,,
Goblin Raider,Creature,3,G,{2}{G},Elf,deadbeef,,
Goblin Recruiter,Creature,3,G,{2}{G},Elf,deadbeef,,
Goblin Snowman,Creature,3,G,{2}{G},Elf,deadbeef,,
Goblin Spelunkers,Creature,3,G,{2}{G},Elf,deadbeef,,
Goblin Surveyor,Creature,3,G,{2}{G},Elf,deadbeef,,
Goblin Welder,Creature,3,G,{2}{G},Elf,deadbeef,,
Goblin-town Flunkies,Creature,3,G,{2}{G},Elf,deadbeef,,
"Godo, Bandit Warlord",Creature,3,G,{2}{G},Elf,deadbeef,,
Gold Rush,Creature,3,G,{2}{G},Elf,deadbeef,,
Goldmeadow Nomad,Creature,3,G,{2}{G},Elf,deadbeef,,
"Gollum, Silent Slinker // Meager Meal",Creature,3,G,{2}{G},Elf,deadbeef,,
"Gongaga, Reactor Town",Creature,3,G,{2}{G},Elf,deadbeef,,
Gorilla Chieftain,Creature,3,G,{2}{G},Elf,deadbeef,,
Gorilla Warrior,Creature,3,G,{2}{G},Elf,deadbeef,,
"Gorma, the Gullet",Creature,3,G,{2}{G},Elf,deadbeef,,
Gran Pulse Ochu,Creature,3,G,{2}{G},Elf,deadbeef,,
Granger Guildmage,Creature,3,G,{2}{G},Elf,deadbeef,,
Granite Grip,Creature,3,G,{2}{G},Elf,deadbeef,,
Granite Witness,Creature,3,G,{2}{G},Elf,deadbeef,,
Grapple with Death,Creature,3,G,{2}{G},Elf,deadbeef,,
Gravebane Zombie,Creature,3,G,{2}{G},Elf,deadbeef,,
Gravedigger,Creature,3,G,{2}{G},Elf,deadbeef,,
Gravelgill Scoundrel,Creature,3,G,{2}{G},Elf,deadbeef,,
Gravestone Strider,Creature,3,G,{2}{G},Elf,deadbeef,,
Gravitational Shift,Creature,3,G,{2}{G},Elf,deadbeef,,
"Graviton, Fundamental Force",Creature,3,G,{2}{G},Elf,deadbeef,,
Great Forest Druid,Creature,3,G,{2}{G},Elf,deadbeef,,
"Green Goblin, Revenant",Creature,3,G,{2}{G},Elf,deadbeef,,
Greenbelt Radical,Creature,3,G,{2}{G},Elf,deadbeef,,
Griffnaut Tracker,Creature,3,G,{2}{G},Elf,deadbeef,,
Grim Backwoods,Creature,3,G,{2}{G},Elf,deadbeef,,
Grim Bauble,Creature,3,G,{2}{G},Elf,deadbeef,,
Grim Javelineer,Creature,3,G,{2}{G},Elf,deadbeef,,
Grim Reaper's Sprint,Creature,3,G,{2}{G},Elf,deadbeef,,
"Grim Reaper, Lethal Legionnaire",Creature,3,G,{2}{G},Elf,deadbeef,,
Grizzly Bears,Creature,3,G,{2}{G},Elf,deadbeef,,
Grounded for Life,Creature,3,G,{2}{G},Elf,deadbeef,,
Group Project,Creature,3,G,{2}{G},Elf,deadbeef,,
Grow Extra Arms,Creature,3,G,{2}{G},Elf,deadbeef,,
Grow from the Ashes,Creature,3,G,{2}{G},Elf,deadbeef,,
Guardian of Faith,Creature,3,G,{2}{G},Elf,deadbeef,,
Guardian of the Halls,Creature,3,G,{2}{G},Elf,deadbeef,,
Guardian Scalelord,Creature,3,G,{2}{G},Elf,deadbeef,,
Guerrilla Gorilla,Creature,3,G,{2}{G},Elf,deadbeef,,
Guided Strike,Creature,3,G,{2}{G},Elf,deadbeef,,
Guidelight Optimizer,Creature,3,G,{2}{G},Elf,deadbeef,,
Gundabad Opportunist,Creature,3,G,{2}{G},Elf,deadbeef,,
Gunner Conscript,Creature,3,G,{2}{G},Elf,deadbeef,,
Guru Pathik,Creature,3,G,{2}{G},Elf,deadbeef,,
Gush,Creature,3,G,{2}{G},Elf,deadbeef,,
Guttersnipe,Creature,3,G,{2}{G},Elf,deadbeef,,
Guy in the Chair,Creature,3,G,{2}{G},Elf,deadbeef,,
"Gwenna, Eyes of Gaea",Creature,3,G,{2}{G},Elf,deadbeef,,
"Gyome, Master Chef",Creature,3,G,{2}{G},Elf,deadbeef,,
Gysahl Greens,Creature,3,G,{2}{G},Elf,deadbeef,,
H.E.R.B.I.E. Scout Unit,Creature,3,G,{2}{G},Elf,deadbeef,,
"Hama, the Bloodbender",Creature,3,G,{2}{G},Elf,deadbeef,,
Hammer Mage,Creature,3,G,{2}{G},Elf,deadbeef,,
Hammerhead Shark,Creature,3,G,{2}{G},Elf,deadbeef,,
Hanged Executioner,Creature,3,G,{2}{G},Elf,deadbeef,,
Hanna's Custody,Creature,3,G,{2}{G},Elf,deadbeef,,
Hard-Won Jitte,Creature,3,G,{2}{G},Elf,deadbeef,,
Hardened Academic,Creature,3,G,{2}{G},Elf,deadbeef,,
Harmattan Efreet,Creature,3,G,{2}{G},Elf,deadbeef,,
Harmonize,Creature,3,G,{2}{G},Elf,deadbeef,,
Harmonized Crescendo,Creature,3,G,{2}{G},Elf,deadbeef,,
Harsh Annotation,Creature,3,G,{2}{G},Elf,deadbeef,,
Harvest Mage,Creature,3,G,{2}{G},Elf,deadbeef,,
Haste Magic,Creature,3,G,{2}{G},Elf,deadbeef,,
Hate Mirage,Creature,3,G,{2}{G},Elf,deadbeef,,
Haunt the Network,Creature,3,G,{2}{G},Elf,deadbeef,,
Haunted Crossroads,Creature,3,G,{2}{G},Elf,deadbeef,,
Haunted Hellride,Creature,3,G,{2}{G},Elf,deadbeef,,
Haunted Mire,Creature,3,G,{2}{G},Elf,deadbeef,,
Haven of the Spirit Dragon,Creature,3,G,{2}{G},Elf,deadbeef,,
Havenwood Battleground,Creature,3,G,{2}{G},Elf,deadbeef,,
Hawkeater Moth,Creature,3,G,{2}{G},Elf,deadbeef,,
Hawkeye's Bow,Creature,3,G,{2}{G},Elf,deadbeef,,
"Hawkeye, Avenging Archer",Creature,3,G,{2}{G},Elf,deadbeef,,
"Hawkeye, Master Marksman",Creature,3,G,{2}{G},Elf,deadbeef,,
"Hawkeye, Young Avenger",Creature,3,G,{2}{G},Elf,deadbeef,,
Haywire Mite,Creature,3,G,{2}{G},Elf,deadbeef,,
Hazard of the Dunes,Creature,3,G,{2}{G},Elf,deadbeef,,
Headlong Rush,Creature,3,G,{2}{G},Elf,deadbeef,,
Healing Salve,Creature,3,G,{2}{G},Elf,deadbeef,,
Hearth Charm,Creature,3,G,{2}{G},Elf,deadbeef,,
Heartless Pillage,Creature,3,G,{2}{G},Elf,deadbeef,,
Heated Argument,Creature,3,G,{2}{G},Elf,deadbeef,,
Hecatomb,Creature,3,G,{2}{G},Elf,deadbeef,,
Hecteyes,Creature,3,G,{2}{G},Elf,deadbeef,,
Hedron Archive,Creature,3,G,{2}{G},Elf,deadbeef,,
"Heidegger, Shinra Executive",Creature,3,G,{2}{G},Elf,deadbeef,,
Heightened Awareness,Creature,3,G,{2}{G},Elf,deadbeef,,
"Helga, Skittish Seer",Creature,3,G,{2}{G},Elf,deadbeef,,
Helicarrier Strike,Creature,3,G,{2}{G},Elf,deadbeef,,
Helitrooper,Creature,3,G,{2}{G},Elf,deadbeef,,
"Hellcat, Undying Vigilante",Creature,3,G,{2}{G},Elf,deadbeef,,
Hellish Sideswipe,Creature,3,G,{2}{G},Elf,deadbeef,,
Hellkite Courser,Creature,3,G,{2}{G},Elf,deadbeef,,
Hellkite Tyrant,Creature,3,G,{2}{G},Elf,deadbeef,,
Henge of Ramos,Creature,3,G,{2}{G},Elf,deadbeef,,
Herald of Serra,Creature,3,G,{2}{G},Elf,deadbeef,,
"Hercules, Olympian Hero",Creature,3,G,{2}{G},Elf,deadbeef,,
"Hercules, Prince of Power",Creature,3,G,{2}{G},Elf,deadbeef,,
"Hermes, Overseer of Elpis",Creature,3,G,{2}{G},Elf,deadbeef,,
Hero in Training,Creature,3,G,{2}{G},Elf,deadbeef,,
Hero's Blade,Creature,3,G,{2}{G},Elf,deadbeef,,
Hero's Heirloom,Creature,3,G,{2}{G},Elf,deadbeef,,
Heroes for Hire,Creature,3,G,{2}{G},Elf,deadbeef,,
Heroes' Hangout,Creature,3,G,{2}{G},Elf,deadbeef,,
Heroic Feast,Creature,3,G,{2}{G},Elf,deadbeef,,
Heroic Intervention,Creature,3,G,{2}{G},Elf,deadbeef,,
Heroic Return,Creature,3,G,{2}{G},Elf,deadbeef,,
Heroic Sacrifice,Creature,3,G,{2}{G},Elf,deadbeef,,
Heroic Teamwork,Creature,3,G,{2}{G},Elf,deadbeef,,
Hibernation Sliver,Creature,3,G,{2}{G},Elf,deadbeef,,
Hickory Woodlot,Creature,3,G,{2}{G},Elf,deadbeef,,
Hidden Horror,Creature,3,G,{2}{G},Elf,deadbeef,,
Hidden Lair,Creature,3,G,{2}{G},Elf,deadbeef,,
Hide on the Ceiling,Creature,3,G,{2}{G},Elf,deadbeef,,
High Market,Creature,3,G,{2}{G},Elf,deadbeef,,
Hildibrand Manderville // Gentleman's Rise,Creature,3,G,{2}{G},Elf,deadbeef,,
Hire a Crew,Creature,3,G,{2}{G},Elf,deadbeef,,
Hired Giant,Creature,3,G,{2}{G},Elf,deadbeef,,
Hobbit Hole,Creature,3,G,{2}{G},Elf,deadbeef,,
"Hobgoblin, Mantled Marauder",Creature,3,G,{2}{G},Elf,deadbeef,,
Hofri Ghostforge,Creature,3,G,{2}{G},Elf,deadbeef,,
Hollow Marauder,Creature,3,G,{2}{G},Elf,deadbeef,,
Homesickness,Creature,3,G,{2}{G},Elf,deadbeef,,
Honest Work,Creature,3,G,{2}{G},Elf,deadbeef,,
Honorbound Page // Forum's Favor,Creature,3,G,{2}{G},Elf,deadbeef,,
Hoodwink,Creature,3,G,{2}{G},Elf,deadbeef,,
Hope and Glory,Creature,3,G,{2}{G},Elf,deadbeef,,
Hope Estheim,Creature,3,G,{2}{G},Elf,deadbeef,,
Horizon of Progress,Creature,3,G,{2}{G},Elf,deadbeef,,
Horn of Greed,Creature,3,G,{2}{G},Elf,deadbeef,,
Horned Troll,Creature,3,G,{2}{G},Elf,deadbeef,,
Horned Turtle,Creature,3,G,{2}{G},Elf,deadbeef,,
Hot Dog Cart,Creature,3,G,{2}{G},Elf,deadbeef,,
Hour of Defeat,Creature,3,G,{2}{G},Elf,deadbeef,,
How to Start a Riot,Creature,3,G,{2}{G},Elf,deadbeef,,
Howl from Beyond,Creature,3,G,{2}{G},Elf,deadbeef,,
Howling Wolf,Creature,3,G,{2}{G},Elf,deadbeef,,
Hraesvelgr of the First Brood,Creature,3,G,{2}{G},Elf,deadbeef,,
HULK SMASH!,Creature,3,G,{2}{G},Elf,deadbeef,,
"Hulk, Brutal Brawler",Creature,3,G,{2}{G},Elf,deadbeef,,
"Hulk, Gamma Goliath",Creature,3,G,{2}{G},Elf,deadbeef,,
Hulkbuster Armor,Creature,3,G,{2}{G},Elf,deadbeef,,
Hulking Cyclops,Creature,3,G,{2}{G},Elf,deadbeef,,
"Hulkling, Burgeoning Bruiser",Creature,3,G,{2}{G},Elf,deadbeef,,
"Hulkling, Young Avenger",Creature,3,G,{2}{G},Elf,deadbeef,,
Hulldrifter,Creature,3,G,{2}{G},Elf,deadbeef,,
"Human Torch, Johnny Storm",Creature,3,G,{2}{G},Elf,deadbeef,,
Humble,Creature,3,G,{2}{G},Elf,deadbeef,,
Hungry Graffalon,Creature,3,G,{2}{G},Elf,deadbeef,,
HYDRA Assault Robot,Creature,3,G,{2}{G},Elf,deadbeef,,
HYDRA Infiltration,Creature,3,G,{2}{G},Elf,deadbeef,,
Hydraulic Helper,Creature,3,G,{2}{G},Elf,deadbeef,,
Hydro-Channeler,Creature,3,G,{2}{G},Elf,deadbeef,,
"Hydro-Man, Fluid Felon",Creature,3,G,{2}{G},Elf,deadbeef,,
Hydroblast,Creature,3,G,{2}{G},Elf,deadbeef,,
Hypnotic Sprite // Mesmeric Glare,Creature,3,G,{2}{G},Elf,deadbeef,,
I Am Iron Man,Creature,3,G,{2}{G},Elf,deadbeef,,
Ian the Reckless,Creature,3,G,{2}{G},Elf,deadbeef,,
Ice Cream Kitty,Creature,3,G,{2}{G},Elf,deadbeef,,
Ice Flan,Creature,3,G,{2}{G},Elf,deadbeef,,
Ice Magic,Creature,3,G,{2}{G},Elf,deadbeef,,
Icy Manipulator,Creature,3,G,{2}{G},Elf,deadbeef,,
Idolized,Creature,3,G,{2}{G},Elf,deadbeef,,
Idyllic Beachfront,Creature,3,G,{2}{G},Elf,deadbeef,,
Iguana Parrot,Creature,3,G,{2}{G},Elf,deadbeef,,
Il Mheg Pixie,Creature,3,G,{2}{G},Elf,deadbeef,,
Illusion Spinners,Creature,3,G,{2}{G},Elf,deadbeef,,
Immoral Bargain,Creature,3,G,{2}{G},Elf,deadbeef,,
Imp's Mischief,Creature,3,G,{2}{G},Elf,deadbeef,,
Impolite Entrance,Creature,3,G,{2}{G},Elf,deadbeef,,
Impractical Joke,Creature,3,G,{2}{G},Elf,deadbeef,,
Indulgent Tormentor,Creature,3,G,{2}{G},Elf,deadbeef,,
Infernal Grasp,Creature,3,G,{2}{G},Elf,deadbeef,,
Infiltrate,Creature,3,G,{2}{G},Elf,deadbeef,,
Inflame,Creature,3,G,{2}{G},Elf,deadbeef,,
Informed Inkwright,Creature,3,G,{2}{G},Elf,deadbeef,,
Inkling Mascot,Creature,3,G,{2}{G},Elf,deadbeef,,
Inside Information,Creature,3,G,{2}{G},Elf,deadbeef,,
Insight,Creature,3,G,{2}{G},Elf,deadbeef,,
Inspired Fire,Creature,3,G,{2}{G},Elf,deadbeef,,
Inspired Sphinx,Creature,3,G,{2}{G},Elf,deadbeef,,
Inspiring Statuary,Creature,3,G,{2}{G},Elf,deadbeef,,
Instant Ramen,Creature,3,G,{2}{G},Elf,deadbeef,,
Instigator,Creature,3,G,{2}{G},Elf,deadbeef,,
Insubordination,Creature,3,G,{2}{G},Elf,deadbeef,,
Interdict,Creature,3,G,{2}{G},Elf,deadbeef,,
Interdimensional Web Watch,Creature,3,G,{2}{G},Elf,deadbeef,,
Interface Ace,Creature,3,G,{2}{G},Elf,deadbeef,,
Intervene,Creature,3,G,{2}{G},Elf,deadbeef,,
Intimidation,Creature,3,G,{2}{G},Elf,deadbeef,,
Intimidation Tactics,Creature,3,G,{2}{G},Elf,deadbeef,,
Into the Story,Creature,3,G,{2}{G},Elf,deadbeef,,
Inventory Management,Creature,3,G,{2}{G},Elf,deadbeef,,
Invigorate,Creature,3,G,{2}{G},Elf,deadbeef,,
Inviolability,Creature,3,G,{2}{G},Elf,deadbeef,,
"Invisible Woman, Sue Storm",Creature,3,G,{2}{G},Elf,deadbeef,,
"Iron Fist, Hero for Hire",Creature,3,G,{2}{G},Elf,deadbeef,,
"Iron Fist, Living Weapon",Creature,3,G,{2}{G},Elf,deadbeef,,
Iron Hills,Creature,3,G,{2}{G},Elf,deadbeef,,
Iron Hills Blacksmith,Creature,3,G,{2}{G},Elf,deadbeef,,
Iron Hills Stalwart,Creature,3,G,{2}{G},Elf,deadbeef,,
"Iron Lad, Diverging Destiny",Creature,3,G,{2}{G},Elf,deadbeef,,
Iron Lance,Creature,3,G,{2}{G},Elf,deadbeef,,
Iron Maiden,Creature,3,G,{2}{G},Elf,deadbeef,,
"Iron Man, Armored Avenger",Creature,3,G,{2}{G},Elf,deadbeef,,
"Iron Man, Master of Machines",Creature,3,G,{2}{G},Elf,deadbeef,,
"Iron Spider, Stark Upgrade",Creature,3,G,{2}{G},Elf,deadbeef,,
Iron Will,Creature,3,G,{2}{G},Elf,deadbeef,,
"Ironheart, Clever Champion",Creature,3,G,{2}{G},Elf,deadbeef,,
Irrigated Farmland,Creature,3,G,{2}{G},Elf,deadbeef,,
Island,Creature,3,G,{2}{G},Elf,deadbeef,,
Isolated Chapel,Creature,3,G,{2}{G},Elf,deadbeef,,
"Isperia, Supreme Judge",Creature,3,G,{2}{G},Elf,deadbeef,,
It'll Quench Ya!,Creature,3,G,{2}{G},Elf,deadbeef,,
It's Clobberin' Time!,Creature,3,G,{2}{G},Elf,deadbeef,,
Item Shopkeep,Creature,3,G,{2}{G},Elf,deadbeef,,
Ivory Mask,Creature,3,G,{2}{G},Elf,deadbeef,,
"Jack of Hearts, Volatile Hero",Creature,3,G,{2}{G},Elf,deadbeef,,
"Jackal, Genius Geneticist",Creature,3,G,{2}{G},Elf,deadbeef,,
"Jadar, Ghoulcaller of Nephalia",Creature,3,G,{2}{G},Elf,deadbeef,,
"Jadzi, Steward of Fate // Oracle's Gift",Creature,3,G,{2}{G},Elf,deadbeef,,
Jalum Tome,Creature,3,G,{2}{G},Elf,deadbeef,,
Jamuraan Lion,Creature,3,G,{2}{G},Elf,deadbeef,,
"Jarvis, Earth's Mightiest Butler",Creature,3,G,{2}{G},Elf,deadbeef,,
Jasmine Dragon Tea Shop,Creature,3,G,{2}{G},Elf,deadbeef,,
"Jessica Jones, Private Eye",Creature,3,G,{2}{G},Elf,deadbeef,,
Jeweled Torque,Creature,3,G,{2}{G},Elf,deadbeef,,
Jhoira's Toolbox,Creature,3,G,{2}{G},Elf,deadbeef,,
Jhovall Rider,Creature,3,G,{2}{G},Elf,deadbeef,,
Jibbirik Omnivore,Creature,3,G,{2}{G},Elf,deadbeef,,
Jinxed Ring,Creature,3,G,{2}{G},Elf,deadbeef,,
"Jocasta, Automaton Avenger",Creature,3,G,{2}{G},Elf,deadbeef,,
Johtull Wurm,Creature,3,G,{2}{G},Elf,deadbeef,,
Jolrael's Favor,Creature,3,G,{2}{G},Elf,deadbeef,,
"Joshua, Phoenix's Dominant",Creature,3,G,{2}{G},Elf,deadbeef,,
Jubilant Skybonder,Creature,3,G,{2}{G},Elf,deadbeef,,
Judge Magister Gabranth,Creature,3,G,{2}{G},Elf,deadbeef,,
"June, Bounty Hunter",Creature,3,G,{2}{G},Elf,deadbeef,,
Jungle Hollow,Creature,3,G,{2}{G},Elf,deadbeef,,
Jungle Shrine,Creature,3,G,{2}{G},Elf,deadbeef,,
Junk Jet,Creature,3,G,{2}{G},Elf,deadbeef,,
Junktown,Creature,3,G,{2}{G},Elf,deadbeef,,
Juxtapose,Creature,3,G,{2}{G},Elf,deadbeef,,
K'un-Lun Warrior,Creature,3,G,{2}{G},Elf,deadbeef,,
Ka-Zar of the Savage Land,Creature,3,G,{2}{G},Elf,deadbeef,,
Kaalia of the Vast,Creature,3,G,{2}{G},Elf,deadbeef,,
Kaervek the Merciless,Creature,3,G,{2}{G},Elf,deadbeef,,
Kami of Ancient Law,Creature,3,G,{2}{G},Elf,deadbeef,,
Kang Prime,Creature,3,G,{2}{G},Elf,deadbeef,,
"Kang, Temporal Tyrant",Creature,3,G,{2}{G},Elf,deadbeef,,
Kangee's Lieutenant,Creature,3,G,{2}{G},Elf,deadbeef,,
"Kangee, Sky Warden",Creature,3,G,{2}{G},Elf,deadbeef,,
Kapow!,Creature,3,G,{2}{G},Elf,deadbeef,,
"Kardur, Doomscourge",Creature,3,G,{2}{G},Elf,deadbeef,,
Karmic Guide,Creature,3,G,{2}{G},Elf,deadbeef,,
"Kazuul, Tyrant of the Cliffs",Creature,3,G,{2}{G},Elf,deadbeef,,
Keldon Berserker,Creature,3,G,{2}{G},Elf,deadbeef,,
Kickoff Celebrations,Creature,3,G,{2}{G},Elf,deadbeef,,
Kid Loki,Creature,3,G,{2}{G},Elf,deadbeef,,
Killian's Confidence,Creature,3,G,{2}{G},Elf,deadbeef,,
"Killmonger, Scourge of Wakanda",Creature,3,G,{2}{G},Elf,deadbeef,,
Kindred Discovery,Creature,3,G,{2}{G},Elf,deadbeef,,
King Crab,Creature,3,G,{2}{G},Elf,deadbeef,,
Kingpin's Enforcers,Creature,3,G,{2}{G},Elf,deadbeef,,
"Kiora, Behemoth Beckoner",Creature,3,G,{2}{G},Elf,deadbeef,,
"Kirol, Attentive First-Year",Creature,3,G,{2}{G},Elf,deadbeef,,
"Kirol, History Buff // Pack a Punch",Creature,3,G,{2}{G},Elf,deadbeef,,
Kismet,Creature,3,G,{2}{G},Elf,deadbeef,,
Kithkin Armor,Creature,3,G,{2}{G},Elf,deadbeef,,
Kjeldoran Dead,Creature,3,G,{2}{G},Elf,deadbeef,,
Kjeldoran Guard,Creature,3,G,{2}{G},Elf,deadbeef,,
"Klaw, Sonic Subjugator",Creature,3,G,{2}{G},Elf,deadbeef,,
Knight of Wundagore,Creature,3,G,{2}{G},Elf,deadbeef,,
Knighthood,Creature,3,G,{2}{G},Elf,deadbeef,,
Knockout Maneuver,Creature,3,G,{2}{G},Elf,deadbeef,,
Knowledge Seeker,Creature,3,G,{2}{G},Elf,deadbeef,,
"Kolaghan, the Storm's Fury",Creature,3,G,{2}{G},Elf,deadbeef,,
"Kolodin, Triumph Caster",Creature,3,G,{2}{G},Elf,deadbeef,,
Kraven's Cats,Creature,3,G,{2}{G},Elf,deadbeef,,
Kraven's Last Hunt,Creature,3,G,{2}{G},Elf,deadbeef,,
Kree Commandos,Creature,3,G,{2}{G},Elf,deadbeef,,
Kree Sentinel,Creature,3,G,{2}{G},Elf,deadbeef,,
Krile Baldesion,Creature,3,G,{2}{G},Elf,deadbeef,,
Kris Mage,Creature,3,G,{2}{G},Elf,deadbeef,,
Krovikan Sorcerer,Creature,3,G,{2}{G},Elf,deadbeef,,
Kulrath Mystic,Creature,3,G,{2}{G},Elf,deadbeef,,
Kulrath Zealot,Creature,3,G,{2}{G},Elf,deadbeef,,
Kyren Glider,Creature,3,G,{2}{G},Elf,deadbeef,,
Kyren Legate,Creature,3,G,{2}{G},Elf,deadbeef,,
Kyren Sniper,Creature,3,G,{2}{G},Elf,deadbeef,,
Lab Rats,Creature,3,G,{2}{G},Elf,deadbeef,,
Laboratory Maniac,Creature,3,G,{2}{G},Elf,deadbeef,,
Laccolith Grunt,Creature,3,G,{2}{G},Elf,deadbeef,,
Laccolith Rig,Creature,3,G,{2}{G},Elf,deadbeef,,
Laccolith Titan,Creature,3,G,{2}{G},Elf,deadbeef,,
Laccolith Warrior,Creature,3,G,{2}{G},Elf,deadbeef,,
Laccolith Whelp,Creature,3,G,{2}{G},Elf,deadbeef,,
"Lady Octopus, Inspired Inventor",Creature,3,G,{2}{G},Elf,deadbeef,,
"Laelia, the Blade Reforged",Creature,3,G,{2}{G},Elf,deadbeef,,
Lake-town,Creature,3,G,{2}{G},Elf,deadbeef,,
Lakeshore Apothecary,Creature,3,G,{2}{G},Elf,deadbeef,,
Lancers en-Kor,Creature,3,G,{2}{G},Elf,deadbeef,,
Land Grant,Creature,3,G,{2}{G},Elf,deadbeef,,
Lapis Lazuli Talisman,Creature,3,G,{2}{G},Elf,deadbeef,,
Larceny,Creature,3,G,{2}{G},Elf,deadbeef,,
Large Bear,Creature,3,G,{2}{G},Elf,deadbeef,,
Lashknife,Creature,3,G,{2}{G},Elf,deadbeef,,
Lassoed by the Law,Creature,3,G,{2}{G},Elf,deadbeef,,
Last Breath,Creature,3,G,{2}{G},Elf,deadbeef,,
Last Light of Durin's Day,Creature,3,G,{2}{G},Elf,deadbeef,,
Last-Ditch Effort,Creature,3,G,{2}{G},Elf,deadbeef,,
"Lathliss, Dragon Queen",Creature,3,G,{2}{G},Elf,deadbeef,,
Laughing Mad,Creature,3,G,{2}{G},Elf,deadbeef,,
Lava Axe,Creature,3,G,{2}{G},Elf,deadbeef,,
Lava Burst,Creature,3,G,{2}{G},Elf,deadbeef,,
Lava Storm,Creature,3,G,{2}{G},Elf,deadbeef,,
Lavaleaper,Creature,3,G,{2}{G},Elf,deadbeef,,
Lawbringer,Creature,3,G,{2}{G},Elf,deadbeef,,
Lay Waste,Creature,3,G,{2}{G},Elf,deadbeef,,
Lead Golem,Creature,3,G,{2}{G},Elf,deadbeef,,
Lead Pipe,Creature,3,G,{2}{G},Elf,deadbeef,,
"Leader, Super-Genius",Creature,3,G,{2}{G},Elf,deadbeef,,
Leap,Creature,3,G,{2}{G},Elf,deadbeef,,
Lecturing Scornmage,Creature,3,G,{2}{G},Elf,deadbeef,,
Leech Collector // Bloodletting,Creature,3,G,{2}{G},Elf,deadbeef,,
Leonin Surveyor,Creature,3,G,{2}{G},Elf,deadbeef,,
Lethal Scheme,Creature,3,G,{2}{G},Elf,deadbeef,,
Levitation,Creature,3,G,{2}{G},Elf,deadbeef,,
Ley Line,Creature,3,G,{2}{G},Elf,deadbeef,,
Leyline Axe,Creature,3,G,{2}{G},Elf,deadbeef,,
Library of Lat-Nam,Creature,3,G,{2}{G},Elf,deadbeef,,
Lifestream's Blessing,Creature,3,G,{2}{G},Elf,deadbeef,,
Light of Day,Creature,3,G,{2}{G},Elf,deadbeef,,
Light of Judgment,Creature,3,G,{2}{G},Elf,deadbeef,,
Lightbringer,Creature,3,G,{2}{G},Elf,deadbeef,,
Lightning Blast,Creature,3,G,{2}{G},Elf,deadbeef,,
Lightning Greaves,Creature,3,G,{2}{G},Elf,deadbeef,,
Lightning Helix,Creature,3,G,{2}{G},Elf,deadbeef,,
Lightning Hounds,Creature,3,G,{2}{G},Elf,deadbeef,,
Lightning Strike,Creature,3,G,{2}{G},Elf,deadbeef,,
Lightshield Parry,Creature,3,G,{2}{G},Elf,deadbeef,,
Lightwheel Enhancements,Creature,3,G,{2}{G},Elf,deadbeef,,
Liminal Hold,Creature,3,G,{2}{G},Elf,deadbeef,,
Lingering Souls,Creature,3,G,{2}{G},Elf,deadbeef,,
Little Bear,Creature,3,G,{2}{G},Elf,deadbeef,,
"Living Brain, Mechanical Marvel",Creature,3,G,{2}{G},Elf,deadbeef,,
Living Conundrum,Creature,3,G,{2}{G},Elf,deadbeef,,
Living History,Creature,3,G,{2}{G},Elf,deadbeef,,
Living Lands,Creature,3,G,{2}{G},Elf,deadbeef,,
"Lizard, Connors's Curse",Creature,3,G,{2}{G},Elf,deadbeef,,
Llanowar Elves,Creature,3,G,{2}{G},Elf,deadbeef,,
Llanowar Wastes,Creature,3,G,{2}{G},Elf,deadbeef,,
Loan Shark,Creature,3,G,{2}{G},Elf,deadbeef,,
Locust Spray,Creature,3,G,{2}{G},Elf,deadbeef,,
Lofty Dreams,Creature,3,G,{2}{G},Elf,deadbeef,,
Loki Laufeyson,Creature,3,G,{2}{G},Elf,deadbeef,,
"Loki, God of Mischief",Creature,3,G,{2}{G},Elf,deadbeef,,
Lone Wolf,Creature,3,G,{2}{G},Elf,deadbeef,,
Long Lake Nuisance,Creature,3,G,{2}{G},Elf,deadbeef,,
Long-Bodied Grey Dog,Creature,3,G,{2}{G},Elf,deadbeef,,
Longbow Archer,Creature,3,G,{2}{G},Elf,deadbeef,,
Looming Shade,Creature,3,G,{2}{G},Elf,deadbeef,,
Loporrit Scout,Creature,3,G,{2}{G},Elf,deadbeef,,
Lorehold Archivist // Restore Relic,Creature,3,G,{2}{G},Elf,deadbeef,,
Lorehold Campus,Creature,3,G,{2}{G},Elf,deadbeef,,
Lorehold Charm,Creature,3,G,{2}{G},Elf,deadbeef,,
"Lorehold, the Historian",Creature,3,G,{2}{G},Elf,deadbeef,,
Lost in the Maze,Creature,3,G,{2}{G},Elf,deadbeef,,
Lotus Field,Creature,3,G,{2}{G},Elf,deadbeef,,
Lotusguard Disciple,Creature,3,G,{2}{G},Elf,deadbeef,,
Love on the Battlefield,Creature,3,G,{2}{G},Elf,deadbeef,,
Loxodon Surveyor,Creature,3,G,{2}{G},Elf,deadbeef,,
"Lozhan, Dragons' Legacy",Creature,3,G,{2}{G},Elf,deadbeef,,
Lucky the Pizza Dog,Creature,3,G,{2}{G},Elf,deadbeef,,
"Luke Cage, Hero for Hire",Creature,3,G,{2}{G},Elf,deadbeef,,
"Luke Cage, Power Man",Creature,3,G,{2}{G},Elf,deadbeef,,
Lumbering Worldwagon,Creature,3,G,{2}{G},Elf,deadbeef,,
Luminollusk,Creature,3,G,{2}{G},Elf,deadbeef,,
Lunatic Pandora,Creature,3,G,{2}{G},Elf,deadbeef,,
Lunge,Creature,3,G,{2}{G},Elf,deadbeef,,
Lurking Lizards,Creature,3,G,{2}{G},Elf,deadbeef,,
Lurking Skirge,Creature,3,G,{2}{G},Elf,deadbeef,,
Luxurious Locomotive,Creature,3,G,{2}{G},Elf,deadbeef,,
Lys Alana Dignitary,Creature,3,G,{2}{G},Elf,deadbeef,,
Lys Alana Informant,Creature,3,G,{2}{G},Elf,deadbeef,,
Lyse Hext,Creature,3,G,{2}{G},Elf,deadbeef,,
Macabre Reconstruction,Creature,3,G,{2}{G},Elf,deadbeef,,
"MACH-1, Swooping Scoundrel",Creature,3,G,{2}{G},Elf,deadbeef,,
Machinesmith Automaton,Creature,3,G,{2}{G},Elf,deadbeef,,
Madame Hydra,Creature,3,G,{2}{G},Elf,deadbeef,,
Madame Masque,Creature,3,G,{2}{G},Elf,deadbeef,,
"Madame Web, Clairvoyant",Creature,3,G,{2}{G},Elf,deadbeef,,
Maelstrom of the Spirit Dragon,Creature,3,G,{2}{G},Elf,deadbeef,,
Mage Tower Referee,Creature,3,G,{2}{G},Elf,deadbeef,,
Mageta the Lion,Creature,3,G,{2}{G},Elf,deadbeef,,
Mageta's Boon,Creature,3,G,{2}{G},Elf,deadbeef,,
Magic Damper,Creature,3,G,{2}{G},Elf,deadbeef,,
Magistrate's Veto,Creature,3,G,{2}{G},Elf,deadbeef,,
Magitek Armor,Creature,3,G,{2}{G},Elf,deadbeef,,
Magitek Infantry,Creature,3,G,{2}{G},Elf,deadbeef,,
Magitek Scythe,Creature,3,G,{2}{G},Elf,deadbeef,,
Magma Mine,Creature,3,G,{2}{G},Elf,deadbeef,,
Magmakin Artillerist,Creature,3,G,{2}{G},Elf,deadbeef,,
Magmatic Force,Creature,3,G,{2}{G},Elf,deadbeef,,
Magnificent End,Creature,3,G,{2}{G},Elf,deadbeef,,
"Mai, Scornful Striker",Creature,3,G,{2}{G},Elf,deadbeef,,
Majestic Genesis,Creature,3,G,{2}{G},Elf,deadbeef,,
Make Your Move,Creature,3,G,{2}{G},Elf,deadbeef,,
Malboro,Creature,3,G,{2}{G},Elf,deadbeef,,
Mana Drain,Creature,3,G,{2}{G},Elf,deadbeef,,
Mana Geyser,Creature,3,G,{2}{G},Elf,deadbeef,,
Mana Prism,Creature,3,G,{2}{G},Elf,deadbeef,,
Mana Short,Creature,3,G,{2}{G},Elf,deadbeef,,
Mana Vapors,Creature,3,G,{2}{G},Elf,deadbeef,,
Manta Ray,Creature,3,G,{2}{G},Elf,deadbeef,,
Mantle of the Ancients,Creature,3,G,{2}{G},Elf,deadbeef,,
Marang River Regent // Coil and Catch,Creature,3,G,{2}{G},Elf,deadbeef,,
Marauding Mako,Creature,3,G,{2}{G},Elf,deadbeef,,
Marauding Sphinx,Creature,3,G,{2}{G},Elf,deadbeef,,
Marsh Boa,Creature,3,G,{2}{G},Elf,deadbeef,,
Marshals' Pathcruiser,Creature,3,G,{2}{G},Elf,deadbeef,,
Martyr's Cause,Creature,3,G,{2}{G},Elf,deadbeef,,
"Marvel Boy, Noh-Varr",Creature,3,G,{2}{G},Elf,deadbeef,,
Marvelous Melee,Creature,3,G,{2}{G},Elf,deadbeef,,
Mask of Law and Grace,Creature,3,G,{2}{G},Elf,deadbeef,,
Mask of Memory,Creature,3,G,{2}{G},Elf,deadbeef,,
Masked Meower,Creature,3,G,{2}{G},Elf,deadbeef,,
Master of Arms,Creature,3,G,{2}{G},Elf,deadbeef,,
Master Pakku,Creature,3,G,{2}{G},Elf,deadbeef,,
Master's Councillors,Creature,3,G,{2}{G},Elf,deadbeef,,
Masterful Flourish,Creature,3,G,{2}{G},Elf,deadbeef,,
Masterwork of Ingenuity,Creature,3,G,{2}{G},Elf,deadbeef,,
"Matt Murdock, Justice Seeker",Creature,3,G,{2}{G},Elf,deadbeef,,
Maximum Overdrive,Creature,3,G,{2}{G},Elf,deadbeef,,
"Mazirek, Kraul Death Priest",Creature,3,G,{2}{G},Elf,deadbeef,,
Meandering River,Creature,3,G,{2}{G},Elf,deadbeef,,
Meanders Guide,Creature,3,G,{2}{G},Elf,deadbeef,,
Mechanical Mobster,Creature,3,G,{2}{G},Elf,deadbeef,,
Megaton's Fate,Creature,3,G,{2}{G},Elf,deadbeef,,
Megrim,Creature,3,G,{2}{G},Elf,deadbeef,,
Melancholic Poet,Creature,3,G,{2}{G},Elf,deadbeef,,
Memory Lapse,Creature,3,G,{2}{G},Elf,deadbeef,,
Merchant of Venom,Creature,3,G,{2}{G},Elf,deadbeef,,
Merfolk of the Pearl Trident,Creature,3,G,{2}{G},Elf,deadbeef,,
Mesa Falcon,Creature,3,G,{2}{G},Elf,deadbeef,,
Metallic Mimic,Creature,3,G,{2}{G},Elf,deadbeef,,
Metathran Elite,Creature,3,G,{2}{G},Elf,deadbeef,,
Methods of the Mighty,Creature,3,G,{2}{G},Elf,deadbeef,,
"Mica, Reader of Ruins",Creature,3,G,{2}{G},Elf,deadbeef,,
Michelangelo's Technique,Creature,3,G,{2}{G},Elf,deadbeef,,
"Michelangelo, Mutant BFF",Creature,3,G,{2}{G},Elf,deadbeef,,
"Midgar, City of Mako // Reactor Raid",Creature,3,G,{2}{G},Elf,deadbeef,,
Midnight Tilling,Creature,3,G,{2}{G},Elf,deadbeef,,
Migratory Route,Creature,3,G,{2}{G},Elf,deadbeef,,
"Miirym, Sentinel Wyrm",Creature,3,G,{2}{G},Elf,deadbeef,,
Miles Morales,Creature,3,G,{2}{G},Elf,deadbeef,,
Millikin,Creature,3,G,{2}{G},Elf,deadbeef,,
Millstone,Creature,3,G,{2}{G},Elf,deadbeef,,
Mind Roots,Creature,3,G,{2}{G},Elf,deadbeef,,
Mind Stone,Creature,3,G,{2}{G},Elf,deadbeef,,
Mindful Biomancer,Creature,3,G,{2}{G},Elf,deadbeef,,
Mine Raider,Creature,3,G,{2}{G},Elf,deadbeef,,
Mirage Mesa,Creature,3,G,{2}{G},Elf,deadbeef,,
Mirkwood,Creature,3,G,{2}{G},Elf,deadbeef,,
Mirkwood Meditator,Creature,3,G,{2}{G},Elf,deadbeef,,
Mirkwood Nurturer,Creature,3,G,{2}{G},Elf,deadbeef,,
Mirkwood Pathmaker,Creature,3,G,{2}{G},Elf,deadbeef,,
Miscalculation,Creature,3,G,{2}{G},Elf,deadbeef,,
Mischievous Poltergeist,Creature,3,G,{2}{G},Elf,deadbeef,,
Misdirection,Creature,3,G,{2}{G},Elf,deadbeef,,
Misstep,Creature,3,G,{2}{G},Elf,deadbeef,,
Mister Fantastic,Creature,3,G,{2}{G},Elf,deadbeef,,
"Mister Fantastic, Reed Richards",Creature,3,G,{2}{G},Elf,deadbeef,,
Mister Gutsy,Creature,3,G,{2}{G},Elf,deadbeef,,
"Mister Hyde, Monster Within",Creature,3,G,{2}{G},Elf,deadbeef,,
Mister Immortal,Creature,3,G,{2}{G},Elf,deadbeef,,
Mistmeadow Council,Creature,3,G,{2}{G},Elf,deadbeef,,
Mistmoon Griffin,Creature,3,G,{2}{G},Elf,deadbeef,,
Mistveil Plains,Creature,3,G,{2}{G},Elf,deadbeef,,
"Misty Knight, Hero for Hire",Creature,3,G,{2}{G},Elf,deadbeef,,
Misty Mountains Raider,Creature,3,G,{2}{G},Elf,deadbeef,,
"Mjölnir, Hammer of Thor",Creature,3,G,{2}{G},Elf,deadbeef,,
Mob Justice,Creature,3,G,{2}{G},Elf,deadbeef,,
"Mockingbird, Ace Agent",Creature,3,G,{2}{G},Elf,deadbeef,,
Mogg Bombers,Creature,3,G,{2}{G},Elf,deadbeef,,
Mogg Flunkies,Creature,3,G,{2}{G},Elf,deadbeef,,
Mogg Salvage,Creature,3,G,{2}{G},Elf,deadbeef,,
Mogg Toady,Creature,3,G,{2}{G},Elf,deadbeef,,
"Moira Brown, Guide Author",Creature,3,G,{2}{G},Elf,deadbeef,,
Moldervine Reclamation,Creature,3,G,{2}{G},Elf,deadbeef,,
"Mole Man, Moloid Master",Creature,3,G,{2}{G},Elf,deadbeef,,
"Molly Hayes, Runaway",Creature,3,G,{2}{G},Elf,deadbeef,,
Molten Slagheap,Creature,3,G,{2}{G},Elf,deadbeef,,
Molting Harpy,Creature,3,G,{2}{G},Elf,deadbeef,,
Moment of Glory,Creature,3,G,{2}{G},Elf,deadbeef,,
Moment of Silence,Creature,3,G,{2}{G},Elf,deadbeef,,
Momentum Breaker,Creature,3,G,{2}{G},Elf,deadbeef,,
"Momo, Friendly Flier",Creature,3,G,{2}{G},Elf,deadbeef,,
Monica Rambeau,Creature,3,G,{2}{G},Elf,deadbeef,,
Monk Idealist,Creature,3,G,{2}{G},Elf,deadbeef,,
Monk Realist,Creature,3,G,{2}{G},Elf,deadbeef,,
Monologue Tax,Creature,3,G,{2}{G},Elf,deadbeef,,
Mons's Goblin Raiders,Creature,3,G,{2}{G},Elf,deadbeef,,
Monstrous Growth,Creature,3,G,{2}{G},Elf,deadbeef,,
Moogles' Valor,Creature,3,G,{2}{G},Elf,deadbeef,,
Moon Sprite,Creature,3,G,{2}{G},Elf,deadbeef,,
Moonlit Wake,Creature,3,G,{2}{G},Elf,deadbeef,,
Moonshaker Cavalry,Creature,3,G,{2}{G},Elf,deadbeef,,
"Moonstone, Harsh Mistress",Creature,3,G,{2}{G},Elf,deadbeef,,
Moorland Haunt,Creature,3,G,{2}{G},Elf,deadbeef,,
Morbid Opportunist,Creature,3,G,{2}{G},Elf,deadbeef,,
Morbius the Living Vampire,Creature,3,G,{2}{G},Elf,deadbeef,,
Morcant's Loyalist,Creature,3,G,{2}{G},Elf,deadbeef,,
"Morlun, Devourer of Spiders",Creature,3,G,{2}{G},Elf,deadbeef,,
Mortality Spear,Creature,3,G,{2}{G},Elf,deadbeef,,
Moss Diamond,Creature,3,G,{2}{G},Elf,deadbeef,,
Mossdog,Creature,3,G,{2}{G},Elf,deadbeef,,
Mossfire Valley,Creature,3,G,{2}{G},Elf,deadbeef,,
Mountain,Creature,3,G,{2}{G},Elf,deadbeef,,
Mountain Goat,Creature,3,G,{2}{G},Elf,deadbeef,,
Mourner's Surprise,Creature,3,G,{2}{G},Elf,deadbeef,,
"Ms. Marvel, Kamala Khan",Creature,3,G,{2}{G},Elf,deadbeef,,
Mudbutton Cursetosser,Creature,3,G,{2}{G},Elf,deadbeef,,
Mulch,Creature,3,G,{2}{G},Elf,deadbeef,,
Multani's Acolyte,Creature,3,G,{2}{G},Elf,deadbeef,,
Multani's Presence,Creature,3,G,{2}{G},Elf,deadbeef,,
Muraganda Raceway,Creature,3,G,{2}{G},Elf,deadbeef,,
Murder,Creature,3,G,{2}{G},Elf,deadbeef,,
Murderous Rider // Swift End,Creature,3,G,{2}{G},Elf,deadbeef,,
Murdock's Crusade,Creature,3,G,{2}{G},Elf,deadbeef,,
Muse's Encouragement,Creature,3,G,{2}{G},Elf,deadbeef,,
Mutant Surveyor,Creature,3,G,{2}{G},Elf,deadbeef,,
Mutant Town,Creature,3,G,{2}{G},Elf,deadbeef,,
Mutant Town Musicians,Creature,3,G,{2}{G},Elf,deadbeef,,
Muzzle,Creature,3,G,{2}{G},Elf,deadbeef,,
Mycoloth,Creature,3,G,{2}{G},Elf,deadbeef,,
Myriad Landscape,Creature,3,G,{2}{G},Elf,deadbeef,,
Mysidian Elder,Creature,3,G,{2}{G},Elf,deadbeef,,
Mysterio's Mirage,Creature,3,G,{2}{G},Elf,deadbeef,,
Mysterio's Phantasm,Creature,3,G,{2}{G},Elf,deadbeef,,
Mystic Compass,Creature,3,G,{2}{G},Elf,deadbeef,,
Mystic Monastery,Creature,3,G,{2}{G},Elf,deadbeef,,
Mystic Remora,Creature,3,G,{2}{G},Elf,deadbeef,,
Mystic Veil,Creature,3,G,{2}{G},Elf,deadbeef,,
Mystical Tutor,Creature,3,G,{2}{G},Elf,deadbeef,,
Naktamun Lorespinner // Wheel of Fortune,Creature,3,G,{2}{G},Elf,deadbeef,,
Nameless Inversion,Creature,3,G,{2}{G},Elf,deadbeef,,
Namor the Sub-Mariner,Creature,3,G,{2}{G},Elf,deadbeef,,
"Namora, the Sea Queen",Creature,3,G,{2}{G},Elf,deadbeef,,
Nasty Little Rabbit,Creature,3,G,{2}{G},Elf,deadbeef,,
Nature's Lore,Creature,3,G,{2}{G},Elf,deadbeef,,
Nature's Resurgence,Creature,3,G,{2}{G},Elf,deadbeef,,
Necroblossom Snarl,Creature,3,G,{2}{G},Elf,deadbeef,,
Negate,Creature,3,G,{2}{G},Elf,deadbeef,,
"Neriv, Heart of the Storm",Creature,3,G,{2}{G},Elf,deadbeef,,
Nether Traitor,Creature,3,G,{2}{G},Elf,deadbeef,,
News Helicopter,Creature,3,G,{2}{G},Elf,deadbeef,,
Nezumi Linkbreaker,Creature,3,G,{2}{G},Elf,deadbeef,,
"Nick Fury, Agent of S.H.I.E.L.D.",Creature,3,G,{2}{G},Elf,deadbeef,,
"Night Nurse, Healer of Heroes",Creature,3,G,{2}{G},Elf,deadbeef,,
Night's Whisper,Creature,3,G,{2}{G},Elf,deadbeef,,
Nightwind Glider,Creature,3,G,{2}{G},Elf,deadbeef,,
Nihil Spellbomb,Creature,3,G,{2}{G},Elf,deadbeef,,
Nimble Thopterist,Creature,3,G,{2}{G},Elf,deadbeef,,
"Nita, Forum Conciliator",Creature,3,G,{2}{G},Elf,deadbeef,,
"Niv-Mizzet, Visionary",Creature,3,G,{2}{G},Elf,deadbeef,,
Noble Purpose,Creature,3,G,{2}{G},Elf,deadbeef,,
Nobody,Creature,3,G,{2}{G},Elf,deadbeef,,
Noggle the Mind,Creature,3,G,{2}{G},Elf,deadbeef,,
Nomads en-Kor,Creature,3,G,{2}{G},Elf,deadbeef,,
"Nori, Teller of Tales",Creature,3,G,{2}{G},Elf,deadbeef,,
Norritt,Creature,3,G,{2}{G},Elf,deadbeef,,
North Pole Gates,Creature,3,G,{2}{G},Elf,deadbeef,,
Northern Air Temple,Creature,3,G,{2}{G},Elf,deadbeef,,
Nova Hellkite,Creature,3,G,{2}{G},Elf,deadbeef,,
Noxious Field,Creature,3,G,{2}{G},Elf,deadbeef,,
Ob Nixilis Reignited,Creature,3,G,{2}{G},Elf,deadbeef,,
Observed Stasis,Creature,3,G,{2}{G},Elf,deadbeef,,
Obsianus Golem,Creature,3,G,{2}{G},Elf,deadbeef,,
Obsidian Charmaw,Creature,3,G,{2}{G},Elf,deadbeef,,
Octopus Form,Creature,3,G,{2}{G},Elf,deadbeef,,
Off Balance,Creature,3,G,{2}{G},Elf,deadbeef,,
Ogre Warrior,Creature,3,G,{2}{G},Elf,deadbeef,,
Ohran Frostfang,Creature,3,G,{2}{G},Elf,deadbeef,,
"Okoye, Dora Milaje Leader",Creature,3,G,{2}{G},Elf,deadbeef,,
"Old Hob, Alleycat Blues",Creature,3,G,{2}{G},Elf,deadbeef,,
Old-Growth Educator,Creature,3,G,{2}{G},Elf,deadbeef,,
Omashu City,Creature,3,G,{2}{G},Elf,deadbeef,,
Ominous Harvest,Creature,3,G,{2}{G},Elf,deadbeef,,
Ooze Patrol,Creature,3,G,{2}{G},Elf,deadbeef,,
Ooze Spill,Creature,3,G,{2}{G},Elf,deadbeef,,
Opal Caryatid,Creature,3,G,{2}{G},Elf,deadbeef,,
Opal Champion,Creature,3,G,{2}{G},Elf,deadbeef,,
Opal Gargoyle,Creature,3,G,{2}{G},Elf,deadbeef,,
Opal Titan,Creature,3,G,{2}{G},Elf,deadbeef,,
Open the Way,Creature,3,G,{2}{G},Elf,deadbeef,,
Ophidian,Creature,3,G,{2}{G},Elf,deadbeef,,
Ophiomancer,Creature,3,G,{2}{G},Elf,deadbeef,,
Opportunity,Creature,3,G,{2}{G},Elf,deadbeef,,
Oracle's Restoration,Creature,3,G,{2}{G},Elf,deadbeef,,
Oraxid,Creature,3,G,{2}{G},Elf,deadbeef,,
Orcish Librarian,Creature,3,G,{2}{G},Elf,deadbeef,,
Orcish Settlers,Creature,3,G,{2}{G},Elf,deadbeef,,
Order of Yawgmoth,Creature,3,G,{2}{G},Elf,deadbeef,,
Ordinary Bear,Creature,3,G,{2}{G},Elf,deadbeef,,
"Ori, Keeper of Songs",Creature,3,G,{2}{G},Elf,deadbeef,,
Origin of Metalbending,Creature,3,G,{2}{G},Elf,deadbeef,,
Origin of Spider-Man,Creature,3,G,{2}{G},Elf,deadbeef,,
Origin of the Avengers,Creature,3,G,{2}{G},Elf,deadbeef,,
Origin of the Hulk,Creature,3,G,{2}{G},Elf,deadbeef,,
Origin of Thor,Creature,3,G,{2}{G},Elf,deadbeef,,
Orim's Cure,Creature,3,G,{2}{G},Elf,deadbeef,,
Oscorp Research Team,Creature,3,G,{2}{G},Elf,deadbeef,,
Ostrich-Horse,Creature,3,G,{2}{G},Elf,deadbeef,,
Otter-Penguin,Creature,3,G,{2}{G},Elf,deadbeef,,
Outbreak,Creature,3,G,{2}{G},Elf,deadbeef,,
Outlaw Stitcher,Creature,3,G,{2}{G},Elf,deadbeef,,
Outlaws' Fury,Creature,3,G,{2}{G},Elf,deadbeef,,
Overkill,Creature,3,G,{2}{G},Elf,deadbeef,,
Overtaker,Creature,3,G,{2}{G},Elf,deadbeef,,
Owlin Historian,Creature,3,G,{2}{G},Elf,deadbeef,,
Pacifism,Creature,3,G,{2}{G},Elf,deadbeef,,
"Page, Loose Leaf",Creature,3,G,{2}{G},Elf,deadbeef,,
Painful Memories,Creature,3,G,{2}{G},Elf,deadbeef,,
Paladin's Arms,Creature,3,G,{2}{G},Elf,deadbeef,,
Panic,Creature,3,G,{2}{G},Elf,deadbeef,,
Panic Attack,Creature,3,G,{2}{G},Elf,deadbeef,,
Panther Pounce,Creature,3,G,{2}{G},Elf,deadbeef,,
Panther Warriors,Creature,3,G,{2}{G},Elf,deadbeef,,
Papalymo Totolymo,Creature,3,G,{2}{G},Elf,deadbeef,,
Paradox Gardens,Creature,3,G,{2}{G},Elf,deadbeef,,
Paradox Surveyor,Creature,3,G,{2}{G},Elf,deadbeef,,
Parapet Thrasher,Creature,3,G,{2}{G},Elf,deadbeef,,
Parch,Creature,3,G,{2}{G},Elf,deadbeef,,
Park Heights Pegasus,Creature,3,G,{2}{G},Elf,deadbeef,,
Parker Luck,Creature,3,G,{2}{G},Elf,deadbeef,,
Passenger Ferry,Creature,3,G,{2}{G},Elf,deadbeef,,
Patagia Golem,Creature,3,G,{2}{G},Elf,deadbeef,,
Patchwork Banner,Creature,3,G,{2}{G},Elf,deadbeef,,
Path of Ancestry,Creature,3,G,{2}{G},Elf,deadbeef,,
Path of Peace,Creature,3,G,{2}{G},Elf,deadbeef,,
Path to Exile,Creature,3,G,{2}{G},Elf,deadbeef,,
Patient Instructor,Creature,3,G,{2}{G},Elf,deadbeef,,
"Patriot, Shield Wielder",Creature,3,G,{2}{G},Elf,deadbeef,,
Pawn of Ulamog,Creature,3,G,{2}{G},Elf,deadbeef,,
Peace and Quiet,Creature,3,G,{2}{G},Elf,deadbeef,,
Peat Bog,Creature,3,G,{2}{G},Elf,deadbeef,,
Pedal to the Metal,Creature,3,G,{2}{G},Elf,deadbeef,,
Pegasus Charger,Creature,3,G,{2}{G},Elf,deadbeef,,
Pensive Professor,Creature,3,G,{2}{G},Elf,deadbeef,,
Perception Bobblehead,Creature,3,G,{2}{G},Elf,deadbeef,,
Perfect Intimidation,Creature,3,G,{2}{G},Elf,deadbeef,,
Perimeter Enforcer,Creature,3,G,{2}{G},Elf,deadbeef,,
Perpetual Timepiece,Creature,3,G,{2}{G},Elf,deadbeef,,
Pest Infestation,Creature,3,G,{2}{G},Elf,deadbeef,,
Pest Mascot,Creature,3,G,{2}{G},Elf,deadbeef,,
Pest Rescuer,Creature,3,G,{2}{G},Elf,deadbeef,,
Pestbrood Sloth,Creature,3,G,{2}{G},Elf,deadbeef,,
Pet Avengers,Creature,3,G,{2}{G},Elf,deadbeef,,
Peter Parker's Camera,Creature,3,G,{2}{G},Elf,deadbeef,,
Phantasmal Terrain,Creature,3,G,{2}{G},Elf,deadbeef,,
Phantom Warrior,Creature,3,G,{2}{G},Elf,deadbeef,,
Photon Blast Barrage,Creature,3,G,{2}{G},Elf,deadbeef,,
"Photon, Mighty Marvel",Creature,3,G,{2}{G},Elf,deadbeef,,
Phyrexian Prowler,Creature,3,G,{2}{G},Elf,deadbeef,,
Phyrexian Vault,Creature,3,G,{2}{G},Elf,deadbeef,,
Pick Your Poison,Creature,3,G,{2}{G},Elf,deadbeef,,
Pictures of Spider-Man,Creature,3,G,{2}{G},Elf,deadbeef,,
Pigment Wrangler // Striking Palette,Creature,3,G,{2}{G},Elf,deadbeef,,
Pilgrim's Eye,Creature,3,G,{2}{G},Elf,deadbeef,,
Pillage,Creature,3,G,{2}{G},Elf,deadbeef,,
Pious Warrior,Creature,3,G,{2}{G},Elf,deadbeef,,
Pip-Boy 3000,Creature,3,G,{2}{G},Elf,deadbeef,,
Pit Automaton,Creature,3,G,{2}{G},Elf,deadbeef,,
Plains,Creature,3,G,{2}{G},Elf,deadbeef,,
Planar Collapse,Creature,3,G,{2}{G},Elf,deadbeef,,
Planar Engineering,Creature,3,G,{2}{G},Elf,deadbeef,,
Plaza of Heroes,Creature,3,G,{2}{G},Elf,deadbeef,,
Plow Through,Creature,3,G,{2}{G},Elf,deadbeef,,
Plumb the Forbidden,Creature,3,G,{2}{G},Elf,deadbeef,,
Plunder the Trollshaws,Creature,3,G,{2}{G},Elf,deadbeef,,
Poisoner's Apprentice,Creature,3,G,{2}{G},Elf,deadbeef,,
Political Triumph,Creature,3,G,{2}{G},Elf,deadbeef,,
Polymorph,Creature,3,G,{2}{G},Elf,deadbeef,,
Port Inspector,Creature,3,G,{2}{G},Elf,deadbeef,,
Port Town,Creature,3,G,{2}{G},Elf,deadbeef,,
Pothole Mole,Creature,3,G,{2}{G},Elf,deadbeef,,
Potioner's Trove,Creature,3,G,{2}{G},Elf,deadbeef,,
Powder Ganger,Creature,3,G,{2}{G},Elf,deadbeef,,
Power Sink,Creature,3,G,{2}{G},Elf,deadbeef,,
Powerful Broker,Creature,3,G,{2}{G},Elf,deadbeef,,
Pradesh Gypsies,Creature,3,G,{2}{G},Elf,deadbeef,,
Prairie Dog,Creature,3,G,{2}{G},Elf,deadbeef,,
Prairie Stream,Creature,3,G,{2}{G},Elf,deadbeef,,
Pre-War Formalwear,Creature,3,G,{2}{G},Elf,deadbeef,,
"Predator, Flagship",Creature,3,G,{2}{G},Elf,deadbeef,,
"Preston Garvey, Minuteman",Creature,3,G,{2}{G},Elf,deadbeef,,
Pride of the Road,Creature,3,G,{2}{G},Elf,deadbeef,,
Priest of Forgotten Gods,Creature,3,G,{2}{G},Elf,deadbeef,,
Priest of Titania,Creature,3,G,{2}{G},Elf,deadbeef,,
Primary Research,Creature,3,G,{2}{G},Elf,deadbeef,,
Prismabasher,Creature,3,G,{2}{G},Elf,deadbeef,,
Prismari Charm,Creature,3,G,{2}{G},Elf,deadbeef,,
Prismatic Circle,Creature,3,G,{2}{G},Elf,deadbeef,,
Prismatic Ward,Creature,3,G,{2}{G},Elf,deadbeef,,
Prison Break,Creature,3,G,{2}{G},Elf,deadbeef,,
Procrastinate,Creature,3,G,{2}{G},Elf,deadbeef,,
Proctor's Gaze,Creature,3,G,{2}{G},Elf,deadbeef,,
Prodigal Sorcerer,Creature,3,G,{2}{G},Elf,deadbeef,,
Profane Command,Creature,3,G,{2}{G},Elf,deadbeef,,
Professional Face-Breaker,Creature,3,G,{2}{G},Elf,deadbeef,,
Professional Wrestler,Creature,3,G,{2}{G},Elf,deadbeef,,
Professor Hojo,Creature,3,G,{2}{G},Elf,deadbeef,,
Professor Hulk,Creature,3,G,{2}{G},Elf,deadbeef,,
"Professor Zei, Anthropologist",Creature,3,G,{2}{G},Elf,deadbeef,,
Project Deathlok Soldier,Creature,3,G,{2}{G},Elf,deadbeef,,
Prompto Argentum,Creature,3,G,{2}{G},Elf,deadbeef,,
Propaganda,Creature,3,G,{2}{G},Elf,deadbeef,,
Prosperity,Creature,3,G,{2}{G},Elf,deadbeef,,
Provoke,Creature,3,G,{2}{G},Elf,deadbeef,,
"Prowler, Clawed Thief",Creature,3,G,{2}{G},Elf,deadbeef,,
Psychic Theft,Creature,3,G,{2}{G},Elf,deadbeef,,
Psychic Transfer,Creature,3,G,{2}{G},Elf,deadbeef,,
Psychic Venom,Creature,3,G,{2}{G},Elf,deadbeef,,
Puffer Extract,Creature,3,G,{2}{G},Elf,deadbeef,,
Pull from the Grave,Creature,3,G,{2}{G},Elf,deadbeef,,
Pumpkin Bombardment,Creature,3,G,{2}{G},Elf,deadbeef,,
Punishing Punch,Creature,3,G,{2}{G},Elf,deadbeef,,
Puppet's Verdict,Creature,3,G,{2}{G},Elf,deadbeef,,
Puresteel Paladin,Creature,3,G,{2}{G},Elf,deadbeef,,
Purple Dragon Punks,Creature,3,G,{2}{G},Elf,deadbeef,,
Pursue the Past,Creature,3,G,{2}{G},Elf,deadbeef,,
Putrefaction,Creature,3,G,{2}{G},Elf,deadbeef,,
Pygmy Pyrosaur,Creature,3,G,{2}{G},Elf,deadbeef,,
Pym Particles,Creature,3,G,{2}{G},Elf,deadbeef,,
Pym Technologies,Creature,3,G,{2}{G},Elf,deadbeef,,
Pyroclasm,Creature,3,G,{2}{G},Elf,deadbeef,,
Pyrotechnics,Creature,3,G,{2}{G},Elf,deadbeef,,
Qiqirn Merchant,Creature,3,G,{2}{G},Elf,deadbeef,,
Quagmire Lamprey,Creature,3,G,{2}{G},Elf,deadbeef,,
Quandrix Charm,Creature,3,G,{2}{G},Elf,deadbeef,,
Quantum Reduction,Creature,3,G,{2}{G},Elf,deadbeef,,
Quarrel,Creature,3,G,{2}{G},Elf,deadbeef,,
Quick Study,Creature,3,G,{2}{G},Elf,deadbeef,,
"Quicksilver, Brash Blur",Creature,3,G,{2}{G},Elf,deadbeef,,
"Quicksilver, Speedster",Creature,3,G,{2}{G},Elf,deadbeef,,
Quinjet Technician,Creature,3,G,{2}{G},Elf,deadbeef,,
"Quintorius, Field Historian",Creature,3,G,{2}{G},Elf,deadbeef,,
"Quintorius, History Chaser",Creature,3,G,{2}{G},Elf,deadbeef,,
"Quintorius, Loremaster",Creature,3,G,{2}{G},Elf,deadbeef,,
Qutrub Forayer,Creature,3,G,{2}{G},Elf,deadbeef,,
"Rabanastre, Royal City",Creature,3,G,{2}{G},Elf,deadbeef,,
Rabaroo Troop,Creature,3,G,{2}{G},Elf,deadbeef,,
Rabid Attack,Creature,3,G,{2}{G},Elf,deadbeef,,
Radagast of Rhosgobel,Creature,3,G,{2}{G},Elf,deadbeef,,
Radiant Grove,Creature,3,G,{2}{G},Elf,deadbeef,,
Radiant Summit,Creature,3,G,{2}{G},Elf,deadbeef,,
Radiant's Dragoons,Creature,3,G,{2}{G},Elf,deadbeef,,
Radiant's Judgment,Creature,3,G,{2}{G},Elf,deadbeef,,
"Radiant, Archangel",Creature,3,G,{2}{G},Elf,deadbeef,,
Radioactive Spider,Creature,3,G,{2}{G},Elf,deadbeef,,
Raft Security Officer,Creature,3,G,{2}{G},Elf,deadbeef,,
Ragamuffin Raptor,Creature,3,G,{2}{G},Elf,deadbeef,,
Ragged Short Spear,Creature,3,G,{2}{G},Elf,deadbeef,,
Raging Goblin,Creature,3,G,{2}{G},Elf,deadbeef,,
Raging Goblinoids,Creature,3,G,{2}{G},Elf,deadbeef,,
Rain of Tears,Creature,3,G,{2}{G},Elf,deadbeef,,
Raise Dead,Creature,3,G,{2}{G},Elf,deadbeef,,
Raise the Palisade,Creature,3,G,{2}{G},Elf,deadbeef,,
Rakdos Charm,Creature,3,G,{2}{G},Elf,deadbeef,,
Rakdos Signet,Creature,3,G,{2}{G},Elf,deadbeef,,
Rakish Scoundrel,Creature,3,G,{2}{G},Elf,deadbeef,,
Rakshasa Debaser,Creature,3,G,{2}{G},Elf,deadbeef,,
Rally of Wings,Creature,3,G,{2}{G},Elf,deadbeef,,
Ramosian Captain,Creature,3,G,{2}{G},Elf,deadbeef,,
Ramosian Commander,Creature,3,G,{2}{G},Elf,deadbeef,,
Ramosian Rally,Creature,3,G,{2}{G},Elf,deadbeef,,
Ramosian Sergeant,Creature,3,G,{2}{G},Elf,deadbeef,,
Ramosian Sky Marshal,Creature,3,G,{2}{G},Elf,deadbeef,,
Rampant Growth,Creature,3,G,{2}{G},Elf,deadbeef,,
Rancor,Creature,3,G,{2}{G},Elf,deadbeef,,
Rancorous Archaic,Creature,3,G,{2}{G},Elf,deadbeef,,
Rangers' Refueler,Creature,3,G,{2}{G},Elf,deadbeef,,
Ransack,Creature,3,G,{2}{G},Elf,deadbeef,,
"Raphael, Most Attitude",Creature,3,G,{2}{G},Elf,deadbeef,,
Rapid Rescue,Creature,3,G,{2}{G},Elf,deadbeef,,
Rapier Wit,Creature,3,G,{2}{G},Elf,deadbeef,,
Rappelling Scouts,Creature,3,G,{2}{G},Elf,deadbeef,,
Rathi Fiend,Creature,3,G,{2}{G},Elf,deadbeef,,
"Raubahn, Bull of Ala Mhigo",Creature,3,G,{2}{G},Elf,deadbeef,,
Raven Familiar,Creature,3,G,{2}{G},Elf,deadbeef,,
Ravenhill Flock,Creature,3,G,{2}{G},Elf,deadbeef,,
Ravening Warg,Creature,3,G,{2}{G},Elf,deadbeef,,
Raze,Creature,3,G,{2}{G},Elf,deadbeef,,
Razor Rings,Creature,3,G,{2}{G},Elf,deadbeef,,
Razortooth Rats,Creature,3,G,{2}{G},Elf,deadbeef,,
Reach the Horizon,Creature,3,G,{2}{G},Elf,deadbeef,,
Read the Bones,Creature,3,G,{2}{G},Elf,deadbeef,,
Reality Ripple,Creature,3,G,{2}{G},Elf,deadbeef,,
Realm of Koh,Creature,3,G,{2}{G},Elf,deadbeef,,
Reaper's Scythe,Creature,3,G,{2}{G},Elf,deadbeef,,
Reaping Willow,Creature,3,G,{2}{G},Elf,deadbeef,,
Rearing Embermare,Creature,3,G,{2}{G},Elf,deadbeef,,
Rebellious Captives,Creature,3,G,{2}{G},Elf,deadbeef,,
Rebound,Creature,3,G,{2}{G},Elf,deadbeef,,
Rebuild,Creature,3,G,{2}{G},Elf,deadbeef,,
Reckless Abandon,Creature,3,G,{2}{G},Elf,deadbeef,,
Reckless Lackey,Creature,3,G,{2}{G},Elf,deadbeef,,
Reckless Velocitaur,Creature,3,G,{2}{G},Elf,deadbeef,,
Reconnaissance Mission,Creature,3,G,{2}{G},Elf,deadbeef,,
"Red Guardian, Super-Soldier",Creature,3,G,{2}{G},Elf,deadbeef,,
Red Herring,Creature,3,G,{2}{G},Elf,deadbeef,,
Red Hulk,Creature,3,G,{2}{G},Elf,deadbeef,,
Red Room Recruit,Creature,3,G,{2}{G},Elf,deadbeef,,
"Red XIII, Proud Warrior",Creature,3,G,{2}{G},Elf,deadbeef,,
Redrock Sentinel,Creature,3,G,{2}{G},Elf,deadbeef,,
Reenact the Crime,Creature,3,G,{2}{G},Elf,deadbeef,,
Rehearsed Debater,Creature,3,G,{2}{G},Elf,deadbeef,,
Reign of the Pit,Creature,3,G,{2}{G},Elf,deadbeef,,
Relic of Legends,Creature,3,G,{2}{G},Elf,deadbeef,,
Relic Retriever,Creature,3,G,{2}{G},Elf,deadbeef,,
Reliquary Monk,Creature,3,G,{2}{G},Elf,deadbeef,,
Reliquary Tower,Creature,3,G,{2}{G},Elf,deadbeef,,
Relm's Sketching,Creature,3,G,{2}{G},Elf,deadbeef,,
Reluctant Dounguard,Creature,3,G,{2}{G},Elf,deadbeef,,
Remedy,Creature,3,G,{2}{G},Elf,deadbeef,,
Remorseful Cleric,Creature,3,G,{2}{G},Elf,deadbeef,,
Remote Farm,Creature,3,G,{2}{G},Elf,deadbeef,,
Remove Soul,Creature,3,G,{2}{G},Elf,deadbeef,,
Render Speechless,Creature,3,G,{2}{G},Elf,deadbeef,,
Rending Volley,Creature,3,G,{2}{G},Elf,deadbeef,,
"Renet, Temporal Apprentice",Creature,3,G,{2}{G},Elf,deadbeef,,
Reno and Rude,Creature,3,G,{2}{G},Elf,deadbeef,,
Renounce,Creature,3,G,{2}{G},Elf,deadbeef,,
Rent Is Due,Creature,3,G,{2}{G},Elf,deadbeef,,
Repel Calamity,Creature,3,G,{2}{G},Elf,deadbeef,,
Repopulate,Creature,3,G,{2}{G},Elf,deadbeef,,
"Reptil, Dinomorpher",Creature,3,G,{2}{G},Elf,deadbeef,,
Repulsor Blast,Creature,3,G,{2}{G},Elf,deadbeef,,
Requisition Raid,Creature,3,G,{2}{G},Elf,deadbeef,,
Rescind,Creature,3,G,{2}{G},Elf,deadbeef,,
"Rescue, Pepper Potts",Creature,3,G,{2}{G},Elf,deadbeef,,
Resentful Revelation,Creature,3,G,{2}{G},Elf,deadbeef,,
Resistance Fighter,Creature,3,G,{2}{G},Elf,deadbeef,,
Restorative Technique,Creature,3,G,{2}{G},Elf,deadbeef,,
Retched Wretch,Creature,3,G,{2}{G},Elf,deadbeef,,
Rethink,Creature,3,G,{2}{G},Elf,deadbeef,,
Retrieve the Esper,Creature,3,G,{2}{G},Elf,deadbeef,,
Return the Favor,Creature,3,G,{2}{G},Elf,deadbeef,,
Return to the Sewers,Creature,3,G,{2}{G},Elf,deadbeef,,
Revered Elder,Creature,3,G,{2}{G},Elf,deadbeef,,
Reverent Howl,Creature,3,G,{2}{G},Elf,deadbeef,,
Reverent Mantra,Creature,3,G,{2}{G},Elf,deadbeef,,
Reverent Silence,Creature,3,G,{2}{G},Elf,deadbeef,,
Rewrite History,Creature,3,G,{2}{G},Elf,deadbeef,,
Rhino's Rampage,Creature,3,G,{2}{G},Elf,deadbeef,,
"Rhino, Barreling Brute",Creature,3,G,{2}{G},Elf,deadbeef,,
Rhystic Cave,Creature,3,G,{2}{G},Elf,deadbeef,,
Rhystic Circle,Creature,3,G,{2}{G},Elf,deadbeef,,
Rhystic Deluge,Creature,3,G,{2}{G},Elf,deadbeef,,
Rhystic Lightning,Creature,3,G,{2}{G},Elf,deadbeef,,
Rhystic Scrying,Creature,3,G,{2}{G},Elf,deadbeef,,
Rhystic Shield,Creature,3,G,{2}{G},Elf,deadbeef,,
Rhystic Study,Creature,3,G,{2}{G},Elf,deadbeef,,
Rhystic Syphon,Creature,3,G,{2}{G},Elf,deadbeef,,
Rhythm of the Wild,Creature,3,G,{2}{G},Elf,deadbeef,,
Ribbon Snake,Creature,3,G,{2}{G},Elf,deadbeef,,
Ribtruss Roaster,Creature,3,G,{2}{G},Elf,deadbeef,,
"Rick Jones, Destined Sidekick",Creature,3,G,{2}{G},Elf,deadbeef,,
Riddles in the Dark,Creature,3,G,{2}{G},Elf,deadbeef,,
Ride's End,Creature,3,G,{2}{G},Elf,deadbeef,,
Righteous Aura,Creature,3,G,{2}{G},Elf,deadbeef,,
Righteous Fury,Creature,3,G,{2}{G},Elf,deadbeef,,
Righteous Indignation,Creature,3,G,{2}{G},Elf,deadbeef,,
Rimefire Torque,Creature,3,G,{2}{G},Elf,deadbeef,,
Ring of Gix,Creature,3,G,{2}{G},Elf,deadbeef,,
Ring of the Lucii,Creature,3,G,{2}{G},Elf,deadbeef,,
Rip Apart,Creature,3,G,{2}{G},Elf,deadbeef,,
Rishadan Airship,Creature,3,G,{2}{G},Elf,deadbeef,,
Rishadan Brigand,Creature,3,G,{2}{G},Elf,deadbeef,,
Risky Shortcut,Creature,3,G,{2}{G},Elf,deadbeef,,
Rite of Replication,Creature,3,G,{2}{G},Elf,deadbeef,,
"Rith, Liberated Primeval",Creature,3,G,{2}{G},Elf,deadbeef,,
Riverpyre Verge,Creature,3,G,{2}{G},Elf,deadbeef,,
"Roads Go Ever, Ever On",Creature,3,G,{2}{G},Elf,deadbeef,,
Roadside Assistance,Creature,3,G,{2}{G},Elf,deadbeef,,
Roadside Reliquary,Creature,3,G,{2}{G},Elf,deadbeef,,
Roaming Throne,Creature,3,G,{2}{G},Elf,deadbeef,,
Robot Domination,Creature,3,G,{2}{G},Elf,deadbeef,,
Robotics Mastery,Creature,3,G,{2}{G},Elf,deadbeef,,
Rockalanche,Creature,3,G,{2}{G},Elf,deadbeef,,
Rocket-Powered Goblin Glider,Creature,3,G,{2}{G},Elf,deadbeef,,
Rocketeer Boostbuggy,Creature,3,G,{2}{G},Elf,deadbeef,,
Rocky Roads,Creature,3,G,{2}{G},Elf,deadbeef,,
Rogue Elephant,Creature,3,G,{2}{G},Elf,deadbeef,,
Rogue's Passage,Creature,3,G,{2}{G},Elf,deadbeef,,
Romantic Rendezvous,Creature,3,G,{2}{G},Elf,deadbeef,,
"Ronin, Shadow Stalker",Creature,3,G,{2}{G},Elf,deadbeef,,
Rootbound Crag,Creature,3,G,{2}{G},Elf,deadbeef,,
Rootwater Commando,Creature,3,G,{2}{G},Elf,deadbeef,,
"Rosa, Resolute White Mage",Creature,3,G,{2}{G},Elf,deadbeef,,
Rough Rhino Cavalry,Creature,3,G,{2}{G},Elf,deadbeef,,
Rover Blades,Creature,3,G,{2}{G},Elf,deadbeef,,
Rowdy Snowballers,Creature,3,G,{2}{G},Elf,deadbeef,,
Roxxon Brutes,Creature,3,G,{2}{G},Elf,deadbeef,,
Rubble Rouser,Creature,3,G,{2}{G},Elf,deadbeef,,
Rufus Shinra,Creature,3,G,{2}{G},Elf,deadbeef,,
Rugged Highlands,Creature,3,G,{2}{G},Elf,deadbeef,,
Rugged Prairie,Creature,3,G,{2}{G},Elf,deadbeef,,
Ruination,Creature,3,G,{2}{G},Elf,deadbeef,,
Rumble Arena,Creature,3,G,{2}{G},Elf,deadbeef,,
Run Away Together,Creature,3,G,{2}{G},Elf,deadbeef,,
Run Behind,Creature,3,G,{2}{G},Elf,deadbeef,,
Run Over,Creature,3,G,{2}{G},Elf,deadbeef,,
Rune of Protection: Black,Creature,3,G,{2}{G},Elf,deadbeef,,
Rune of Protection: Blue,Creature,3,G,{2}{G},Elf,deadbeef,,
Rune of Protection: Green,Creature,3,G,{2}{G},Elf,deadbeef,,
Rune of Protection: White,Creature,3,G,{2}{G},Elf,deadbeef,,
Rushwood Dryad,Creature,3,G,{2}{G},Elf,deadbeef,,
Rushwood Herbalist,Creature,3,G,{2}{G},Elf,deadbeef,,
"Rydia, Summoner of Mist",Creature,3,G,{2}{G},Elf,deadbeef,,
S.H.I.E.L.D. Deployment Drone,Creature,3,G,{2}{G},Elf,deadbeef,,
S.H.I.E.L.D. Flying Car,Creature,3,G,{2}{G},Elf,deadbeef,,
S.H.I.E.L.D. Helicarrier,Creature,3,G,{2}{G},Elf,deadbeef,,
S.H.I.E.L.D. Spy Kit,Creature,3,G,{2}{G},Elf,deadbeef,,
Saber-Tooth Moose-Lion,Creature,3,G,{2}{G},Elf,deadbeef,,
Sabotender,Creature,3,G,{2}{G},Elf,deadbeef,,
Sacred Nectar,Creature,3,G,{2}{G},Elf,deadbeef,,
Sacred Peaks,Creature,3,G,{2}{G},Elf,deadbeef,,
Sacred Prey,Creature,3,G,{2}{G},Elf,deadbeef,,
Sage Owl,Creature,3,G,{2}{G},Elf,deadbeef,,
Sage's Nouliths,Creature,3,G,{2}{G},Elf,deadbeef,,
Sahagin,Creature,3,G,{2}{G},Elf,deadbeef,,
Sailmonger,Creature,3,G,{2}{G},Elf,deadbeef,,
Sakura-Tribe Elder,Creature,3,G,{2}{G},Elf,deadbeef,,
Samite Blessing,Creature,3,G,{2}{G},Elf,deadbeef,,
Samite Healer,Creature,3,G,{2}{G},Elf,deadbeef,,
Samurai's Katana,Creature,3,G,{2}{G},Elf,deadbeef,,
"Samut, the Driving Force",Creature,3,G,{2}{G},Elf,deadbeef,,
Sanctum Custodian,Creature,3,G,{2}{G},Elf,deadbeef,,
Sandman's Quicksand,Creature,3,G,{2}{G},Elf,deadbeef,,
Sandstone Needle,Creature,3,G,{2}{G},Elf,deadbeef,,
Sandworm,Creature,3,G,{2}{G},Elf,deadbeef,,
Sangromancer,Creature,3,G,{2}{G},Elf,deadbeef,,
Sanguine Savior,Creature,3,G,{2}{G},Elf,deadbeef,,
Saprazzan Breaker,Creature,3,G,{2}{G},Elf,deadbeef,,
Saprazzan Legate,Creature,3,G,{2}{G},Elf,deadbeef,,
Saprazzan Outrigger,Creature,3,G,{2}{G},Elf,deadbeef,,
Saprazzan Raider,Creature,3,G,{2}{G},Elf,deadbeef,,
Saprazzan Skerry,Creature,3,G,{2}{G},Elf,deadbeef,,
Saproling Cluster,Creature,3,G,{2}{G},Elf,deadbeef,,
"Sarkhan, Soul Aflame",Creature,3,G,{2}{G},Elf,deadbeef,,
Savage Land Dinosaur,Creature,3,G,{2}{G},Elf,deadbeef,,
Savage Ventmaw,Creature,3,G,{2}{G},Elf,deadbeef,,
Sawtooth Ogre,Creature,3,G,{2}{G},Elf,deadbeef,,
Sazh's Chocobo,Creature,3,G,{2}{G},Elf,deadbeef,,
Scaled Wurm,Creature,3,G,{2}{G},Elf,deadbeef,,
Scalelord Reckoner,Creature,3,G,{2}{G},Elf,deadbeef,,
Scandalmonger,Creature,3,G,{2}{G},Elf,deadbeef,,
"Scarlet Spider, Ben Reilly",Creature,3,G,{2}{G},Elf,deadbeef,,
"Scarlet Spider, Kaine",Creature,3,G,{2}{G},Elf,deadbeef,,
"Scarlet Witch, Chaotic Avenger",Creature,3,G,{2}{G},Elf,deadbeef,,
Scathing Shadelock // Venomous Words,Creature,3,G,{2}{G},Elf,deadbeef,,
Scattered Groves,Creature,3,G,{2}{G},Elf,deadbeef,,
Scavenger Grounds,Creature,3,G,{2}{G},Elf,deadbeef,,
Scavenger Regent // Exude Toxin,Creature,3,G,{2}{G},Elf,deadbeef,,
Scent of Jasmine,Creature,3,G,{2}{G},Elf,deadbeef,,
Scent of Nightshade,Creature,3,G,{2}{G},Elf,deadbeef,,
Scheming Silvertongue // Sign in Blood,Creature,3,G,{2}{G},Elf,deadbeef,,
School Daze,Creature,3,G,{2}{G},Elf,deadbeef,,
Scientist Supreme of A.I.M.,Creature,3,G,{2}{G},Elf,deadbeef,,
Scorched Geyser,Creature,3,G,{2}{G},Elf,deadbeef,,
Scorched Ruins,Creature,3,G,{2}{G},Elf,deadbeef,,
Scorpion Sentinel,Creature,3,G,{2}{G},Elf,deadbeef,,
Scorpion's Sting,Creature,3,G,{2}{G},Elf,deadbeef,,
"Scorpion, Seething Striker",Creature,3,G,{2}{G},Elf,deadbeef,,
Scoured Barrens,Creature,3,G,{2}{G},Elf,deadbeef,,
Scourge of Valkas,Creature,3,G,{2}{G},Elf,deadbeef,,
Scout the City,Creature,3,G,{2}{G},Elf,deadbeef,,
Scrap Compactor,Creature,3,G,{2}{G},Elf,deadbeef,,
Scrapheap,Creature,3,G,{2}{G},Elf,deadbeef,,
Scythe Specter,Creature,3,G,{2}{G},Elf,deadbeef,,
Sea Eagle,Creature,3,G,{2}{G},Elf,deadbeef,,
Sea Monster,Creature,3,G,{2}{G},Elf,deadbeef,,
Seal of Cleansing,Creature,3,G,{2}{G},Elf,deadbeef,,
Seal of Doom,Creature,3,G,{2}{G},Elf,deadbeef,,
Seal of Fire,Creature,3,G,{2}{G},Elf,deadbeef,,
Seal of Removal,Creature,3,G,{2}{G},Elf,deadbeef,,
Seal of Strength,Creature,3,G,{2}{G},Elf,deadbeef,,
Searing Spear Askari,Creature,3,G,{2}{G},Elf,deadbeef,,
Searing Wind,Creature,3,G,{2}{G},Elf,deadbeef,,
Seasoned Consultant,Creature,3,G,{2}{G},Elf,deadbeef,,
Seasoned Marshal,Creature,3,G,{2}{G},Elf,deadbeef,,
Secluded Courtyard,Creature,3,G,{2}{G},Elf,deadbeef,,
Secret Identity,Creature,3,G,{2}{G},Elf,deadbeef,,
Secret Invasion,Creature,3,G,{2}{G},Elf,deadbeef,,
Secret Rendezvous,Creature,3,G,{2}{G},Elf,deadbeef,,
Secret Tunnel,Creature,3,G,{2}{G},Elf,deadbeef,,
Segovian Leviathan,Creature,3,G,{2}{G},Elf,deadbeef,,
Seize the Secrets,Creature,3,G,{2}{G},Elf,deadbeef,,
Seize the Spoils,Creature,3,G,{2}{G},Elf,deadbeef,,
Sejiri Refuge,Creature,3,G,{2}{G},Elf,deadbeef,,
Self-Destruct,Creature,3,G,{2}{G},Elf,deadbeef,,
Selfless Police Captain,Creature,3,G,{2}{G},Elf,deadbeef,,
Selfless Safewright,Creature,3,G,{2}{G},Elf,deadbeef,,
Selfless Spirit,Creature,3,G,{2}{G},Elf,deadbeef,,
"Selvala, Heart of the Wilds",Creature,3,G,{2}{G},Elf,deadbeef,,
Send in the Pest,Creature,3,G,{2}{G},Elf,deadbeef,,
Sensational Spider-Man,Creature,3,G,{2}{G},Elf,deadbeef,,
"Sephara, Sky's Blade",Creature,3,G,{2}{G},Elf,deadbeef,,
"Sephiroth, Fallen Hero",Creature,3,G,{2}{G},Elf,deadbeef,,
"Sephiroth, Planet's Heir",Creature,3,G,{2}{G},Elf,deadbeef,,
Sepulchral Primordial,Creature,3,G,{2}{G},Elf,deadbeef,,
Seraphic Steed,Creature,3,G,{2}{G},Elf,deadbeef,,
Serpent Specialist,Creature,3,G,{2}{G},Elf,deadbeef,,
Serpent Warrior,Creature,3,G,{2}{G},Elf,deadbeef,,
Serra Paragon,Creature,3,G,{2}{G},Elf,deadbeef,,
Serra's Embrace,Creature,3,G,{2}{G},Elf,deadbeef,,
Sever Soul,Creature,3,G,{2}{G},Elf,deadbeef,,
Sevinne's Reclamation,Creature,3,G,{2}{G},Elf,deadbeef,,
Seymour Flux,Creature,3,G,{2}{G},Elf,deadbeef,,
Shackle Slinger,Creature,3,G,{2}{G},Elf,deadbeef,,
Shadow of the Goblin,Creature,3,G,{2}{G},Elf,deadbeef,,
Shadow Rift,Creature,3,G,{2}{G},Elf,deadbeef,,
Shady Informant,Creature,3,G,{2}{G},Elf,deadbeef,,
Shang-Chi and the Ten Rings,Creature,3,G,{2}{G},Elf,deadbeef,,
"Shang-Chi, Master of Kung Fu",Creature,3,G,{2}{G},Elf,deadbeef,,
Shanodin Dryads,Creature,3,G,{2}{G},Elf,deadbeef,,
Sharding Sphinx,Creature,3,G,{2}{G},Elf,deadbeef,,
Shared Roots,Creature,3,G,{2}{G},Elf,deadbeef,,
"Sharlayan, Nation of Scholars",Creature,3,G,{2}{G},Elf,deadbeef,,
Shatter,Creature,3,G,{2}{G},Elf,deadbeef,,
Shattered Acolyte,Creature,3,G,{2}{G},Elf,deadbeef,,
"She-Hulk, Jade Defender",Creature,3,G,{2}{G},Elf,deadbeef,,
"She-Hulk, Wallbreaker",Creature,3,G,{2}{G},Elf,deadbeef,,
Sheltered Thicket,Creature,3,G,{2}{G},Elf,deadbeef,,
Shield Dancer,Creature,3,G,{2}{G},Elf,deadbeef,,
Shifting Wall,Creature,3,G,{2}{G},Elf,deadbeef,,
Shimmerdrift Vale,Creature,3,G,{2}{G},Elf,deadbeef,,
Shineshadow Snarl,Creature,3,G,{2}{G},Elf,deadbeef,,
Shinra Reinforcements,Creature,3,G,{2}{G},Elf,deadbeef,,
Shock,Creature,3,G,{2}{G},Elf,deadbeef,,
Shock Troops,Creature,3,G,{2}{G},Elf,deadbeef,,
"Shocker, Unshakable",Creature,3,G,{2}{G},Elf,deadbeef,,
Shopkeeper's Bane,Creature,3,G,{2}{G},Elf,deadbeef,,
Shore Lurker,Creature,3,G,{2}{G},Elf,deadbeef,,
Shoving Match,Creature,3,G,{2}{G},Elf,deadbeef,,
"Shriek, Treblemaker",Creature,3,G,{2}{G},Elf,deadbeef,,
Shrieking Mogg,Creature,3,G,{2}{G},Elf,deadbeef,,
"Shuri, Wakandan Inventor",Creature,3,G,{2}{G},Elf,deadbeef,,
Sicken,Creature,3,G,{2}{G},Elf,deadbeef,,
Sidequest: Hunt the Mark,Creature,3,G,{2}{G},Elf,deadbeef,,
Sidequest: Raise a Chocobo,Creature,3,G,{2}{G},Elf,deadbeef,,
Sif's Spearmaster,Creature,3,G,{2}{G},Elf,deadbeef,,
Sign in Blood,Creature,3,G,{2}{G},Elf,deadbeef,,
Silk Net,Creature,3,G,{2}{G},Elf,deadbeef,,
"Silk, Web Weaver",Creature,3,G,{2}{G},Elf,deadbeef,,
Silken Strength,Creature,3,G,{2}{G},Elf,deadbeef,,
Silkenfist Fighter,Creature,3,G,{2}{G},Elf,deadbeef,,
Silkenfist Order,Creature,3,G,{2}{G},Elf,deadbeef,,
Silt Crawler,Creature,3,G,{2}{G},Elf,deadbeef,,
"Silumgar, the Drifting Death",Creature,3,G,{2}{G},Elf,deadbeef,,
"Silver Sable, Mercenary Leader",Creature,3,G,{2}{G},Elf,deadbeef,,
Silver Shroud Costume,Creature,3,G,{2}{G},Elf,deadbeef,,
Silvergill Peddler,Creature,3,G,{2}{G},Elf,deadbeef,,
Silverglade Pathfinder,Creature,3,G,{2}{G},Elf,deadbeef,,
Silverquill Charm,Creature,3,G,{2}{G},Elf,deadbeef,,
Simian Grunts,Creature,3,G,{2}{G},Elf,deadbeef,,
Simulacrum Synthesizer,Creature,3,G,{2}{G},Elf,deadbeef,,
Single Combat,Creature,3,G,{2}{G},Elf,deadbeef,,
Sizzling Changeling,Creature,3,G,{2}{G},Elf,deadbeef,,
Skulduggery,Creature,3,G,{2}{G},Elf,deadbeef,,
Skullclamp,Creature,3,G,{2}{G},Elf,deadbeef,,
Sky Diamond,Creature,3,G,{2}{G},Elf,deadbeef,,
Skycat Sovereign,Creature,3,G,{2}{G},Elf,deadbeef,,
Skyclave Apparition,Creature,3,G,{2}{G},Elf,deadbeef,,
Skycloud Expanse,Creature,3,G,{2}{G},Elf,deadbeef,,
Skycoach Conductor // All Aboard,Creature,3,G,{2}{G},Elf,deadbeef,,
Skyscanner,Creature,3,G,{2}{G},Elf,deadbeef,,
Skyserpent Seeker,Creature,3,G,{2}{G},Elf,deadbeef,,
Skyshroud Archer,Creature,3,G,{2}{G},Elf,deadbeef,,
Skyshroud Cutter,Creature,3,G,{2}{G},Elf,deadbeef,,
Skyshroud Poacher,Creature,3,G,{2}{G},Elf,deadbeef,,
Skyshroud Ridgeback,Creature,3,G,{2}{G},Elf,deadbeef,,
Skyshroud Sentinel,Creature,3,G,{2}{G},Elf,deadbeef,,
Skystreak Engineer,Creature,3,G,{2}{G},Elf,deadbeef,,
Slash of Light,Creature,3,G,{2}{G},Elf,deadbeef,,
Slayers' Stronghold,Creature,3,G,{2}{G},Elf,deadbeef,,
Sleep Magic,Creature,3,G,{2}{G},Elf,deadbeef,,
Slice from the Shadows,Creature,3,G,{2}{G},Elf,deadbeef,,
Slime Against Humanity,Creature,3,G,{2}{G},Elf,deadbeef,,
Slippery Karst,Creature,3,G,{2}{G},Elf,deadbeef,,
Sluggishness,Creature,3,G,{2}{G},Elf,deadbeef,,
Smaug's Fury,Creature,3,G,{2}{G},Elf,deadbeef,,
"Smaug, the Great Calamity // Spew Flame",Creature,3,G,{2}{G},Elf,deadbeef,,
"Smaug, Wicked Worm",Creature,3,G,{2}{G},Elf,deadbeef,,
Smite,Creature,3,G,{2}{G},Elf,deadbeef,,
Smoldering Marsh,Creature,3,G,{2}{G},Elf,deadbeef,,
Smothering Abomination,Creature,3,G,{2}{G},Elf,deadbeef,,
Smuggler's Surprise,Creature,3,G,{2}{G},Elf,deadbeef,,
Snag,Creature,3,G,{2}{G},Elf,deadbeef,,
Snakeskin Veil,Creature,3,G,{2}{G},Elf,deadbeef,,
Snap,Creature,3,G,{2}{G},Elf,deadbeef,,
Snarl Song,Creature,3,G,{2}{G},Elf,deadbeef,,
Sneaky Homunculus,Creature,3,G,{2}{G},Elf,deadbeef,,
Sneering Shadewriter,Creature,3,G,{2}{G},Elf,deadbeef,,
Snooping Page,Creature,3,G,{2}{G},Elf,deadbeef,,
Snorting Gahr,Creature,3,G,{2}{G},Elf,deadbeef,,
Snow Devil,Creature,3,G,{2}{G},Elf,deadbeef,,
Snow Villiers,Creature,3,G,{2}{G},Elf,deadbeef,,
Snowfall,Creature,3,G,{2}{G},Elf,deadbeef,,
Snowslope Hunter,Creature,3,G,{2}{G},Elf,deadbeef,,
Snuff Out,Creature,3,G,{2}{G},Elf,deadbeef,,
Soar,Creature,3,G,{2}{G},Elf,deadbeef,,
Soaring Stoneglider,Creature,3,G,{2}{G},Elf,deadbeef,,
Social Snub,Creature,3,G,{2}{G},Elf,deadbeef,,
"Sokka, Lateral Strategist",Creature,3,G,{2}{G},Elf,deadbeef,,
"Sokka, Tenacious Tactician",Creature,3,G,{2}{G},Elf,deadbeef,,
Sol Ring,Creature,3,G,{2}{G},Elf,deadbeef,,
SOLDIER Military Program,Creature,3,G,{2}{G},Elf,deadbeef,,
Solemn Simulacrum,Creature,3,G,{2}{G},Elf,deadbeef,,
Solstice Revelations,Creature,3,G,{2}{G},Elf,deadbeef,,
Soltari Lancer,Creature,3,G,{2}{G},Elf,deadbeef,,
Songs of the Damned,Creature,3,G,{2}{G},Elf,deadbeef,,
Songstitcher,Creature,3,G,{2}{G},Elf,deadbeef,,
Soothing Balm,Creature,3,G,{2}{G},Elf,deadbeef,,
Soothsaying,Creature,3,G,{2}{G},Elf,deadbeef,,
Soul Barrier,Creature,3,G,{2}{G},Elf,deadbeef,,
Soul Enervation,Creature,3,G,{2}{G},Elf,deadbeef,,
Soul Sculptor,Creature,3,G,{2}{G},Elf,deadbeef,,
Soul Search,Creature,3,G,{2}{G},Elf,deadbeef,,
Soul Shatter,Creature,3,G,{2}{G},Elf,deadbeef,,
Soul Snare,Creature,3,G,{2}{G},Elf,deadbeef,,
Soul Strings,Creature,3,G,{2}{G},Elf,deadbeef,,
Sound the Trumpets,Creature,3,G,{2}{G},Elf,deadbeef,,
Sourbread Auntie,Creature,3,G,{2}{G},Elf,deadbeef,,
Soured Springs,Creature,3,G,{2}{G},Elf,deadbeef,,
South Pole Voyager,Creature,3,G,{2}{G},Elf,deadbeef,,
Southern Air Temple,Creature,3,G,{2}{G},Elf,deadbeef,,
"SP//dr, Piloted by Peni",Creature,3,G,{2}{G},Elf,deadbeef,,
Spawning Pool,Creature,3,G,{2}{G},Elf,deadbeef,,
Spectacle Summit,Creature,3,G,{2}{G},Elf,deadbeef,,
Spectacular Skywhale,Creature,3,G,{2}{G},Elf,deadbeef,,
Spectacular Spider-Man,Creature,3,G,{2}{G},Elf,deadbeef,,
Spectacular Tactics,Creature,3,G,{2}{G},Elf,deadbeef,,
Spectator Seating,Creature,3,G,{2}{G},Elf,deadbeef,,
Specter's Wail,Creature,3,G,{2}{G},Elf,deadbeef,,
Spectral Guardian,Creature,3,G,{2}{G},Elf,deadbeef,,
"Speed, Young Avenger",Creature,3,G,{2}{G},Elf,deadbeef,,
"Speedball, New Warrior",Creature,3,G,{2}{G},Elf,deadbeef,,
Spell Blast,Creature,3,G,{2}{G},Elf,deadbeef,,
Spell Pierce,Creature,3,G,{2}{G},Elf,deadbeef,,
Spell Snare,Creature,3,G,{2}{G},Elf,deadbeef,,
Spellbook Seeker // Careful Study,Creature,3,G,{2}{G},Elf,deadbeef,,
Sphinx of Enlightenment,Creature,3,G,{2}{G},Elf,deadbeef,,
Sphinx's Revelation,Creature,3,G,{2}{G},Elf,deadbeef,,
Spider-Bot,Creature,3,G,{2}{G},Elf,deadbeef,,
"Spider-Byte, Web Warden",Creature,3,G,{2}{G},Elf,deadbeef,,
"Spider-Girl, Legacy Hero",Creature,3,G,{2}{G},Elf,deadbeef,,
"Spider-Gwen, Free Spirit",Creature,3,G,{2}{G},Elf,deadbeef,,
Spider-Islanders,Creature,3,G,{2}{G},Elf,deadbeef,,
Spider-Man India,Creature,3,G,{2}{G},Elf,deadbeef,,
Spider-Man No More,Creature,3,G,{2}{G},Elf,deadbeef,,
Spider-Man Noir,Creature,3,G,{2}{G},Elf,deadbeef,,
"Spider-Man, Brooklyn Visionary",Creature,3,G,{2}{G},Elf,deadbeef,,
"Spider-Man, To the Rescue",Creature,3,G,{2}{G},Elf,deadbeef,,
"Spider-Man, Web-Slinger",Creature,3,G,{2}{G},Elf,deadbeef,,
Spider-Mobile,Creature,3,G,{2}{G},Elf,deadbeef,,
Spider-Punk,Creature,3,G,{2}{G},Elf,deadbeef,,
"Spider-Rex, Daring Dino",Creature,3,G,{2}{G},Elf,deadbeef,,
"Spider-Slayer, Hatred Honed",Creature,3,G,{2}{G},Elf,deadbeef,,
Spider-Suit,Creature,3,G,{2}{G},Elf,deadbeef,,
Spider-UK,Creature,3,G,{2}{G},Elf,deadbeef,,
"Spider-Woman, Secret Agent",Creature,3,G,{2}{G},Elf,deadbeef,,
"Spiders-Man, Heroic Horde",Creature,3,G,{2}{G},Elf,deadbeef,,
Spike Worker,Creature,3,G,{2}{G},Elf,deadbeef,,
Spikeshell Harrier,Creature,3,G,{2}{G},Elf,deadbeef,,
Spin Out,Creature,3,G,{2}{G},Elf,deadbeef,,
Spined Sliver,Creature,3,G,{2}{G},Elf,deadbeef,,
Spinneret and Spiderling,Creature,3,G,{2}{G},Elf,deadbeef,,
Spiral into Solitude,Creature,3,G,{2}{G},Elf,deadbeef,,
Spire of Industry,Creature,3,G,{2}{G},Elf,deadbeef,,
Spirit en-Kor,Creature,3,G,{2}{G},Elf,deadbeef,,
Spirit Mascot,Creature,3,G,{2}{G},Elf,deadbeef,,
Spirit of Resilience,Creature,3,G,{2}{G},Elf,deadbeef,,
Spiritual Asylum,Creature,3,G,{2}{G},Elf,deadbeef,,
Spiteful Visions,Creature,3,G,{2}{G},Elf,deadbeef,,
Spitting Drake,Creature,3,G,{2}{G},Elf,deadbeef,,
Spitting Spider,Creature,3,G,{2}{G},Elf,deadbeef,,
Spotcycle Scouter,Creature,3,G,{2}{G},Elf,deadbeef,,
Springbloom Druid,Creature,3,G,{2}{G},Elf,deadbeef,,
Spur Grappler,Creature,3,G,{2}{G},Elf,deadbeef,,
Squall,Creature,3,G,{2}{G},Elf,deadbeef,,
"Squall, SeeD Mercenary",Creature,3,G,{2}{G},Elf,deadbeef,,
Squallmonger,Creature,3,G,{2}{G},Elf,deadbeef,,
"Squee, Goblin Nabob",Creature,3,G,{2}{G},Elf,deadbeef,,
Squeeze,Creature,3,G,{2}{G},Elf,deadbeef,,
Squirrel Nest,Creature,3,G,{2}{G},Elf,deadbeef,,
Stadium Tidalmage,Creature,3,G,{2}{G},Elf,deadbeef,,
Staff of the Storyteller,Creature,3,G,{2}{G},Elf,deadbeef,,
Staggering Insight,Creature,3,G,{2}{G},Elf,deadbeef,,
Stalactite Dagger,Creature,3,G,{2}{G},Elf,deadbeef,,
Stall Out,Creature,3,G,{2}{G},Elf,deadbeef,,
Stamina,Creature,3,G,{2}{G},Elf,deadbeef,,
Stampede Driver,Creature,3,G,{2}{G},Elf,deadbeef,,
Stand Up for Yourself,Creature,3,G,{2}{G},Elf,deadbeef,,
Standing Troops,Creature,3,G,{2}{G},Elf,deadbeef,,
Stargaze,Creature,3,G,{2}{G},Elf,deadbeef,,
Stark Industries,Creature,3,G,{2}{G},Elf,deadbeef,,
Stark Industries Executive,Creature,3,G,{2}{G},Elf,deadbeef,,
"Starling, Aerial Ally",Creature,3,G,{2}{G},Elf,deadbeef,,
Startled Relic Sloth,Creature,3,G,{2}{G},Elf,deadbeef,,
"Stature, Size Shifter",Creature,3,G,{2}{G},Elf,deadbeef,,
Staunch Defenders,Creature,3,G,{2}{G},Elf,deadbeef,,
Steadfast Guard,Creature,3,G,{2}{G},Elf,deadbeef,,
Steal Strength,Creature,3,G,{2}{G},Elf,deadbeef,,
Steel Wrecking Ball,Creature,3,G,{2}{G},Elf,deadbeef,,
Steel-Plume Marshal,Creature,3,G,{2}{G},Elf,deadbeef,,
Steelshaper's Gift,Creature,3,G,{2}{G},Elf,deadbeef,,
Steely Resolve,Creature,3,G,{2}{G},Elf,deadbeef,,
Stegron the Dinosaur Man,Creature,3,G,{2}{G},Elf,deadbeef,,
Stensia Bloodhall,Creature,3,G,{2}{G},Elf,deadbeef,,
Stensian Sanguinist // Exsanguinate,Creature,3,G,{2}{G},Elf,deadbeef,,
Sterling Hound,Creature,3,G,{2}{G},Elf,deadbeef,,
Sterling Supplier,Creature,3,G,{2}{G},Elf,deadbeef,,
Stern Proctor,Creature,3,G,{2}{G},Elf,deadbeef,,
Sticky Fingers,Creature,3,G,{2}{G},Elf,deadbeef,,
Stinging Barrier,Creature,3,G,{2}{G},Elf,deadbeef,,
Stir Up Trouble,Creature,3,G,{2}{G},Elf,deadbeef,,
Stirring Honormancer,Creature,3,G,{2}{G},Elf,deadbeef,,
Stirring Hopesinger,Creature,3,G,{2}{G},Elf,deadbeef,,
Stock Up,Creature,3,G,{2}{G},Elf,deadbeef,,
Stolen Stark Tech,Creature,3,G,{2}{G},Elf,deadbeef,,
Stomped by the Foot,Creature,3,G,{2}{G},Elf,deadbeef,,
Stone by Sunlight,Creature,3,G,{2}{G},Elf,deadbeef,,
Stone Docent,Creature,3,G,{2}{G},Elf,deadbeef,,
Stone Rain,Creature,3,G,{2}{G},Elf,deadbeef,,
Stony-Voiced Goblins,Creature,3,G,{2}{G},Elf,deadbeef,,
Stop Cold,Creature,3,G,{2}{G},Elf,deadbeef,,
Storm Crow,Creature,3,G,{2}{G},Elf,deadbeef,,
Storm Herd,Creature,3,G,{2}{G},Elf,deadbeef,,
"Storm, Windrider",Creature,3,G,{2}{G},Elf,deadbeef,,
Stormcarved Coast,Creature,3,G,{2}{G},Elf,deadbeef,,
Stormfist Crusader,Creature,3,G,{2}{G},Elf,deadbeef,,
Story Circle,Creature,3,G,{2}{G},Elf,deadbeef,,
Strands of Night,Creature,3,G,{2}{G},Elf,deadbeef,,
Streaking Oilgorger,Creature,3,G,{2}{G},Elf,deadbeef,,
Stream of Life,Creature,3,G,{2}{G},Elf,deadbeef,,
Stress Dream,Creature,3,G,{2}{G},Elf,deadbeef,,
Strife Scholar // Awaken the Ages,Creature,3,G,{2}{G},Elf,deadbeef,,
Strix Lookout,Creature,3,G,{2}{G},Elf,deadbeef,,
Strixhaven Skycoach,Creature,3,G,{2}{G},Elf,deadbeef,,
Strong Back,Creature,3,G,{2}{G},Elf,deadbeef,,
Strongarm Thug,Creature,3,G,{2}{G},Elf,deadbeef,,
Stronghold Biologist,Creature,3,G,{2}{G},Elf,deadbeef,,
Stronghold Machinist,Creature,3,G,{2}{G},Elf,deadbeef,,
Stubborn Denial,Creature,3,G,{2}{G},Elf,deadbeef,,
Stuck in Summoner's Sanctum,Creature,3,G,{2}{G},Elf,deadbeef,,
Studious First-Year // Rampant Growth,Creature,3,G,{2}{G},Elf,deadbeef,,
Study Hall,Creature,3,G,{2}{G},Elf,deadbeef,,
Stump Stomp,Creature,3,G,{2}{G},Elf,deadbeef,,
Stunning Shot,Creature,3,G,{2}{G},Elf,deadbeef,,
Sublime Epiphany,Creature,3,G,{2}{G},Elf,deadbeef,,
Submerge,Creature,3,G,{2}{G},Elf,deadbeef,,
Subterranean Cavern,Creature,3,G,{2}{G},Elf,deadbeef,,
Subterranean Hangar,Creature,3,G,{2}{G},Elf,deadbeef,,
Suburban Sanctuary,Creature,3,G,{2}{G},Elf,deadbeef,,
Subway Train,Creature,3,G,{2}{G},Elf,deadbeef,,
Sudden Strike,Creature,3,G,{2}{G},Elf,deadbeef,,
"Suki, Kyoshi Warrior",Creature,3,G,{2}{G},Elf,deadbeef,,
Sulfur Falls,Creature,3,G,{2}{G},Elf,deadbeef,,
Sulfurous Springs,Creature,3,G,{2}{G},Elf,deadbeef,,
Sumala Sentry,Creature,3,G,{2}{G},Elf,deadbeef,,
Summon: Anima,Creature,3,G,{2}{G},Elf,deadbeef,,
Summon: Choco/Mog,Creature,3,G,{2}{G},Elf,deadbeef,,
Summon: G.F. Ifrit,Creature,3,G,{2}{G},Elf,deadbeef,,
Summon: Good King Mog XII,Creature,3,G,{2}{G},Elf,deadbeef,,
Summon: Kujata,Creature,3,G,{2}{G},Elf,deadbeef,,
Summon: Primal Garuda,Creature,3,G,{2}{G},Elf,deadbeef,,
Summon: Shiva,Creature,3,G,{2}{G},Elf,deadbeef,,
Summon: Valefor,Creature,3,G,{2}{G},Elf,deadbeef,,
Summoned Dromedary,Creature,3,G,{2}{G},Elf,deadbeef,,
Summoning Materia,Creature,3,G,{2}{G},Elf,deadbeef,,
Sun Titan,Creature,3,G,{2}{G},Elf,deadbeef,,
Sun-Blessed Healer,Creature,3,G,{2}{G},Elf,deadbeef,,
Sun-Dappled Celebrant,Creature,3,G,{2}{G},Elf,deadbeef,,
"Sun-Spider, Nimble Webber",Creature,3,G,{2}{G},Elf,deadbeef,,
Sunbillow Verge,Creature,3,G,{2}{G},Elf,deadbeef,,
Sunbird's Invocation,Creature,3,G,{2}{G},Elf,deadbeef,,
Sundering Archaic,Creature,3,G,{2}{G},Elf,deadbeef,,
Sungrass Prairie,Creature,3,G,{2}{G},Elf,deadbeef,,
Sunken Field,Creature,3,G,{2}{G},Elf,deadbeef,,
Sunken Hollow,Creature,3,G,{2}{G},Elf,deadbeef,,
Sunken Ruins,Creature,3,G,{2}{G},Elf,deadbeef,,
Sunlit Marsh,Creature,3,G,{2}{G},Elf,deadbeef,,
Sunpetal Grove,Creature,3,G,{2}{G},Elf,deadbeef,,
Sunscorched Divide,Creature,3,G,{2}{G},Elf,deadbeef,,
Super Intelligence,Creature,3,G,{2}{G},Elf,deadbeef,,
Super Mutant Scavenger,Creature,3,G,{2}{G},Elf,deadbeef,,
Super Speed,Creature,3,G,{2}{G},Elf,deadbeef,,
Super Strength,Creature,3,G,{2}{G},Elf,deadbeef,,
Super Suit,Creature,3,G,{2}{G},Elf,deadbeef,,
Super Villain Lockup,Creature,3,G,{2}{G},Elf,deadbeef,,
Super-Adaptoid,Creature,3,G,{2}{G},Elf,deadbeef,,
Super-Skrull,Creature,3,G,{2}{G},Elf,deadbeef,,
Superior Foes of Spider-Man,Creature,3,G,{2}{G},Elf,deadbeef,,
Suplex,Creature,3,G,{2}{G},Elf,deadbeef,,
Supper for Spiders,Creature,3,G,{2}{G},Elf,deadbeef,,
Supportive Parents,Creature,3,G,{2}{G},Elf,deadbeef,,
Surveillance Room,Creature,3,G,{2}{G},Elf,deadbeef,,
Suspicious Detonation,Creature,3,G,{2}{G},Elf,deadbeef,,
Sustainer of the Realm,Creature,3,G,{2}{G},Elf,deadbeef,,
Sustenance,Creature,3,G,{2}{G},Elf,deadbeef,,
Svyelunite Temple,Creature,3,G,{2}{G},Elf,deadbeef,,
Swallowed by Leviathan,Creature,3,G,{2}{G},Elf,deadbeef,,
Swamp,Creature,3,G,{2}{G},Elf,deadbeef,,
"Swarm, Being of Bees",Creature,3,G,{2}{G},Elf,deadbeef,,
Swiftfoot Boots,Creature,3,G,{2}{G},Elf,deadbeef,,
Swiftwing Assailant,Creature,3,G,{2}{G},Elf,deadbeef,,
Sword of the Animist,Creature,3,G,{2}{G},Elf,deadbeef,,
Swords to Plowshares,Creature,3,G,{2}{G},Elf,deadbeef,,
"Swordsman, Sharp Scoundrel",Creature,3,G,{2}{G},Elf,deadbeef,,
Sylvia Brightspear,Creature,3,G,{2}{G},Elf,deadbeef,,
Symbiote Spider-Man,Creature,3,G,{2}{G},Elf,deadbeef,,
Syphon Fuel,Creature,3,G,{2}{G},Elf,deadbeef,,
Syphon Mind,Creature,3,G,{2}{G},Elf,deadbeef,,
Syphon Soul,Creature,3,G,{2}{G},Elf,deadbeef,,
Tablet of Discovery,Creature,3,G,{2}{G},Elf,deadbeef,,
Take Up the Shield,Creature,3,G,{2}{G},Elf,deadbeef,,
Talisman of Conviction,Creature,3,G,{2}{G},Elf,deadbeef,,
Talisman of Creativity,Creature,3,G,{2}{G},Elf,deadbeef,,
Talisman of Dominance,Creature,3,G,{2}{G},Elf,deadbeef,,
Talisman of Hierarchy,Creature,3,G,{2}{G},Elf,deadbeef,,
Talisman of Indulgence,Creature,3,G,{2}{G},Elf,deadbeef,,
Talisman of Progress,Creature,3,G,{2}{G},Elf,deadbeef,,
Talruum Minotaur,Creature,3,G,{2}{G},Elf,deadbeef,,
"Tam, Observant Sequencer // Deep Sight",Creature,3,G,{2}{G},Elf,deadbeef,,
"Tannuk, Steadfast Second",Creature,3,G,{2}{G},Elf,deadbeef,,
Tarpan,Creature,3,G,{2}{G},Elf,deadbeef,,
Task Force,Creature,3,G,{2}{G},Elf,deadbeef,,
"Taskmaster, Mercenary Mimic",Creature,3,G,{2}{G},Elf,deadbeef,,
Tataru Taru,Creature,3,G,{2}{G},Elf,deadbeef,,
Taxi Driver,Creature,3,G,{2}{G},Elf,deadbeef,,
TCRI Building,Creature,3,G,{2}{G},Elf,deadbeef,,
Teacher's Pest,Creature,3,G,{2}{G},Elf,deadbeef,,
Team Tactics,Creature,3,G,{2}{G},Elf,deadbeef,,
Tectonic Break,Creature,3,G,{2}{G},Elf,deadbeef,,
Tectonic Giant,Creature,3,G,{2}{G},Elf,deadbeef,,
Telepathic Spies,Creature,3,G,{2}{G},Elf,deadbeef,,
Temple of Abandon,Creature,3,G,{2}{G},Elf,deadbeef,,
Temple of Enlightenment,Creature,3,G,{2}{G},Elf,deadbeef,,
Temple of Malady,Creature,3,G,{2}{G},Elf,deadbeef,,
Temple of Malice,Creature,3,G,{2}{G},Elf,deadbeef,,
Temple of Plenty,Creature,3,G,{2}{G},Elf,deadbeef,,
Temple of the False God,Creature,3,G,{2}{G},Elf,deadbeef,,
Temple of Triumph,Creature,3,G,{2}{G},Elf,deadbeef,,
Temur Ascendancy,Creature,3,G,{2}{G},Elf,deadbeef,,
Temur Battlecrier,Creature,3,G,{2}{G},Elf,deadbeef,,
Tendershoot Dryad,Creature,3,G,{2}{G},Elf,deadbeef,,
Tendrils of Despair,Creature,3,G,{2}{G},Elf,deadbeef,,
"Teo, Spirited Glider",Creature,3,G,{2}{G},Elf,deadbeef,,
Terminate,Creature,3,G,{2}{G},Elf,deadbeef,,
Terrain Generator,Creature,3,G,{2}{G},Elf,deadbeef,,
Terramorphic Expanse,Creature,3,G,{2}{G},Elf,deadbeef,,
Terrific Team-Up,Creature,3,G,{2}{G},Elf,deadbeef,,
Terror,Creature,3,G,{2}{G},Elf,deadbeef,,
"Teshar, Ancestor's Apostle",Creature,3,G,{2}{G},Elf,deadbeef,,
Tester of the Tangential,Creature,3,G,{2}{G},Elf,deadbeef,,
Textbook Tabulator,Creature,3,G,{2}{G},Elf,deadbeef,,
Thancred Waters,Creature,3,G,{2}{G},Elf,deadbeef,,
"Thanos, the Mad Titan",Creature,3,G,{2}{G},Elf,deadbeef,,
The Astonishing Ant-Man,Creature,3,G,{2}{G},Elf,deadbeef,,
"The Boulder, Ready to Rumble",Creature,3,G,{2}{G},Elf,deadbeef,,
The Cave of Two Lovers,Creature,3,G,{2}{G},Elf,deadbeef,,
The Chief Warg,Creature,3,G,{2}{G},Elf,deadbeef,,
The Clone Saga,Creature,3,G,{2}{G},Elf,deadbeef,,
The Coming of Galactus,Creature,3,G,{2}{G},Elf,deadbeef,,
The Crystal's Chosen,Creature,3,G,{2}{G},Elf,deadbeef,,
The Death of Gwen Stacy,Creature,3,G,{2}{G},Elf,deadbeef,,
The Emperor of Palamecia,Creature,3,G,{2}{G},Elf,deadbeef,,
The Gold Saucer,Creature,3,G,{2}{G},Elf,deadbeef,,
The Great Goblin,Creature,3,G,{2}{G},Elf,deadbeef,,
The Kingpin of Crime,Creature,3,G,{2}{G},Elf,deadbeef,,
The Masters of Evil,Creature,3,G,{2}{G},Elf,deadbeef,,
"The Mechanist, Aerial Artisan",Creature,3,G,{2}{G},Elf,deadbeef,,
"The Mighty Thor, Jane Foster",Creature,3,G,{2}{G},Elf,deadbeef,,
The Mind Stone,Creature,3,G,{2}{G},Elf,deadbeef,,
The Mountain-king's Return,Creature,3,G,{2}{G},Elf,deadbeef,,
The Notary Hobbits,Creature,3,G,{2}{G},Elf,deadbeef,,
The Scarlet Witch,Creature,3,G,{2}{G},Elf,deadbeef,,
The Serpent Society,Creature,3,G,{2}{G},Elf,deadbeef,,
The Spot's Portal,Creature,3,G,{2}{G},Elf,deadbeef,,
The Super Hero Civil War,Creature,3,G,{2}{G},Elf,deadbeef,,
"The Thing, Ben Grimm",Creature,3,G,{2}{G},Elf,deadbeef,,
The Unbeatable Squirrel Girl,Creature,3,G,{2}{G},Elf,deadbeef,,
The Ur-Dragon,Creature,3,G,{2}{G},Elf,deadbeef,,
The Vision,Creature,3,G,{2}{G},Elf,deadbeef,,
"The Wasp, Winsome Avenger",Creature,3,G,{2}{G},Elf,deadbeef,,
"The Whizzer, Classic Speedster",Creature,3,G,{2}{G},Elf,deadbeef,,
The Wondrous Wasp,Creature,3,G,{2}{G},Elf,deadbeef,,
Theater of Horrors,Creature,3,G,{2}{G},Elf,deadbeef,,
Thermal Glider,Creature,3,G,{2}{G},Elf,deadbeef,,
Thermo-Alchemist,Creature,3,G,{2}{G},Elf,deadbeef,,
They Went This Way,Creature,3,G,{2}{G},Elf,deadbeef,,
Thicket Basilisk,Creature,3,G,{2}{G},Elf,deadbeef,,
Think Twice,Creature,3,G,{2}{G},Elf,deadbeef,,
Thirst for Identity,Creature,3,G,{2}{G},Elf,deadbeef,,
Thirst for Knowledge,Creature,3,G,{2}{G},Elf,deadbeef,,
Thor Odinson,Creature,3,G,{2}{G},Elf,deadbeef,,
"Thor, Asgard's Avenger",Creature,3,G,{2}{G},Elf,deadbeef,,
Thorin's Last Stand,Creature,3,G,{2}{G},Elf,deadbeef,,
"Thorin, Mountain-king",Creature,3,G,{2}{G},Elf,deadbeef,,
Thornwind Faeries,Creature,3,G,{2}{G},Elf,deadbeef,,
Thornwood Falls,Creature,3,G,{2}{G},Elf,deadbeef,,
Thought Vessel,Creature,3,G,{2}{G},Elf,deadbeef,,
Thoughtweft Charge,Creature,3,G,{2}{G},Elf,deadbeef,,
Thran Lens,Creature,3,G,{2}{G},Elf,deadbeef,,
Thran Weaponry,Creature,3,G,{2}{G},Elf,deadbeef,,
Thranduil's Decree,Creature,3,G,{2}{G},Elf,deadbeef,,
"Thranduil, Sindarin Liege // Silvan Rally",Creature,3,G,{2}{G},Elf,deadbeef,,
"Thranduil, the Elvenking",Creature,3,G,{2}{G},Elf,deadbeef,,
"Three Dog, Galaxy News DJ",Creature,3,G,{2}{G},Elf,deadbeef,,
Thresher Beast,Creature,3,G,{2}{G},Elf,deadbeef,,
Thriving Bluff,Creature,3,G,{2}{G},Elf,deadbeef,,
Thriving Grove,Creature,3,G,{2}{G},Elf,deadbeef,,
Thriving Isle,Creature,3,G,{2}{G},Elf,deadbeef,,
Throne of Bone,Creature,3,G,{2}{G},Elf,deadbeef,,
Through the Breach,Creature,3,G,{2}{G},Elf,deadbeef,,
Throw from the Saddle,Creature,3,G,{2}{G},Elf,deadbeef,,
Thunder Magic,Creature,3,G,{2}{G},Elf,deadbeef,,
Thunder Salvo,Creature,3,G,{2}{G},Elf,deadbeef,,
Thunderbolts Conspiracy,Creature,3,G,{2}{G},Elf,deadbeef,,
Thunderclap,Creature,3,G,{2}{G},Elf,deadbeef,,
Thunderclap Wyvern,Creature,3,G,{2}{G},Elf,deadbeef,,
Thunderhead Gunner,Creature,3,G,{2}{G},Elf,deadbeef,,
Thundering Falls,Creature,3,G,{2}{G},Elf,deadbeef,,
Thwart,Creature,3,G,{2}{G},Elf,deadbeef,,
Thwip!,Creature,3,G,{2}{G},Elf,deadbeef,,
Ticket Tortoise,Creature,3,G,{2}{G},Elf,deadbeef,,
Tidal Bore,Creature,3,G,{2}{G},Elf,deadbeef,,
Tide Skimmer,Creature,3,G,{2}{G},Elf,deadbeef,,
Tidings of War,Creature,3,G,{2}{G},Elf,deadbeef,,
Tifa Lockhart,Creature,3,G,{2}{G},Elf,deadbeef,,
"Tifa, Martial Artist",Creature,3,G,{2}{G},Elf,deadbeef,,
"Tiger Shark, Abyssal Hunter",Creature,3,G,{2}{G},Elf,deadbeef,,
"Tigra, Feline Fury",Creature,3,G,{2}{G},Elf,deadbeef,,
Time Ebb,Creature,3,G,{2}{G},Elf,deadbeef,,
Time Wipe,Creature,3,G,{2}{G},Elf,deadbeef,,
Timid Drake,Creature,3,G,{2}{G},Elf,deadbeef,,
Tinker,Creature,3,G,{2}{G},Elf,deadbeef,,
"Tippy-Toe, Terrific Partner",Creature,3,G,{2}{G},Elf,deadbeef,,
Tireless Tracker,Creature,3,G,{2}{G},Elf,deadbeef,,
Titan Hunter,Creature,3,G,{2}{G},Elf,deadbeef,,
Titan's Grave,Creature,3,G,{2}{G},Elf,deadbeef,,
"Titania, Rugged Rumbler",Creature,3,G,{2}{G},Elf,deadbeef,,
Tocasia's Welcome,Creature,3,G,{2}{G},Elf,deadbeef,,
Tolarian Drake,Creature,3,G,{2}{G},Elf,deadbeef,,
Tolarian Winds,Creature,3,G,{2}{G},Elf,deadbeef,,
"Tom, Bert, and William",Creature,3,G,{2}{G},Elf,deadbeef,,
"Tombstone, Career Criminal",Creature,3,G,{2}{G},Elf,deadbeef,,
Tome Blast,Creature,3,G,{2}{G},Elf,deadbeef,,
Tome of Legends,Creature,3,G,{2}{G},Elf,deadbeef,,
Tonberry,Creature,3,G,{2}{G},Elf,deadbeef,,
Tonic Peddler,Creature,3,G,{2}{G},Elf,deadbeef,,
Too Evil to Stay Dead,Creature,3,G,{2}{G},Elf,deadbeef,,
Topple,Creature,3,G,{2}{G},Elf,deadbeef,,
Torment,Creature,3,G,{2}{G},Elf,deadbeef,,
Torrential Gearhulk,Creature,3,G,{2}{G},Elf,deadbeef,,
Toxic Deluge,Creature,3,G,{2}{G},Elf,deadbeef,,
Toxin Analysis,Creature,3,G,{2}{G},Elf,deadbeef,,
Tragedy Feaster,Creature,3,G,{2}{G},Elf,deadbeef,,
Tragic Arrogance,Creature,3,G,{2}{G},Elf,deadbeef,,
Tragic Poet,Creature,3,G,{2}{G},Elf,deadbeef,,
Trailblazer's Boots,Creature,3,G,{2}{G},Elf,deadbeef,,
Trained Orgg,Creature,3,G,{2}{G},Elf,deadbeef,,
Training Compound,Creature,3,G,{2}{G},Elf,deadbeef,,
Training Regimen,Creature,3,G,{2}{G},Elf,deadbeef,,
Tranquil Cove,Creature,3,G,{2}{G},Elf,deadbeef,,
Tranquility,Creature,3,G,{2}{G},Elf,deadbeef,,
Transit Mage,Creature,3,G,{2}{G},Elf,deadbeef,,
Transpose,Creature,3,G,{2}{G},Elf,deadbeef,,
Trap Runner,Creature,3,G,{2}{G},Elf,deadbeef,,
Treefolk Mystic,Creature,3,G,{2}{G},Elf,deadbeef,,
Treetop Bracers,Creature,3,G,{2}{G},Elf,deadbeef,,
Treetop Freedom Fighters,Creature,3,G,{2}{G},Elf,deadbeef,,
Treetop Rangers,Creature,3,G,{2}{G},Elf,deadbeef,,
Treetop Snarespinner,Creature,3,G,{2}{G},Elf,deadbeef,,
Tremor,Creature,3,G,{2}{G},Elf,deadbeef,,
Trenching Steed,Creature,3,G,{2}{G},Elf,deadbeef,,
"Treno, Dark City",Creature,3,G,{2}{G},Elf,deadbeef,,
Tributary Vaulter,Creature,3,G,{2}{G},Elf,deadbeef,,
Trickster Mage,Creature,3,G,{2}{G},Elf,deadbeef,,
Trickster's Stratagem,Creature,3,G,{2}{G},Elf,deadbeef,,
Trip Up,Creature,3,G,{2}{G},Elf,deadbeef,,
Troll Negotiations,Creature,3,G,{2}{G},Elf,deadbeef,,
Truck Toss,Creature,3,G,{2}{G},Elf,deadbeef,,
Trudge Garden,Creature,3,G,{2}{G},Elf,deadbeef,,
True Conviction,Creature,3,G,{2}{G},Elf,deadbeef,,
"Trystan, Callous Cultivator",Creature,3,G,{2}{G},Elf,deadbeef,,
Tundra Tank,Creature,3,G,{2}{G},Elf,deadbeef,,
Tundra Wolves,Creature,3,G,{2}{G},Elf,deadbeef,,
Tunnel Rats,Creature,3,G,{2}{G},Elf,deadbeef,,
Turbulent Fen,Creature,3,G,{2}{G},Elf,deadbeef,,
Turbulent Steppe,Creature,3,G,{2}{G},Elf,deadbeef,,
Turtle-Duck,Creature,3,G,{2}{G},Elf,deadbeef,,
Tweeze,Creature,3,G,{2}{G},Elf,deadbeef,,
Twilight Diviner,Creature,3,G,{2}{G},Elf,deadbeef,,
Twilight Mire,Creature,3,G,{2}{G},Elf,deadbeef,,
Two-Headed Dragon,Creature,3,G,{2}{G},Elf,deadbeef,,
Ulna Alley Shopkeep,Creature,3,G,{2}{G},Elf,deadbeef,,
Ultima Weapon,Creature,3,G,{2}{G},Elf,deadbeef,,
Ultimate Alliance,Creature,3,G,{2}{G},Elf,deadbeef,,
Ultimate Green Goblin,Creature,3,G,{2}{G},Elf,deadbeef,,
Ultimate Magic: Holy,Creature,3,G,{2}{G},Elf,deadbeef,,
Ultimate Magic: Meteor,Creature,3,G,{2}{G},Elf,deadbeef,,
"Ultimecia, Temporal Threat",Creature,3,G,{2}{G},Elf,deadbeef,,
"Ultimecia, Time Sorceress",Creature,3,G,{2}{G},Elf,deadbeef,,
Ultron Drone,Creature,3,G,{2}{G},Elf,deadbeef,,
"Ultron, Artificial Malevolence",Creature,3,G,{2}{G},Elf,deadbeef,,
Umbral Collar Zealot,Creature,3,G,{2}{G},Elf,deadbeef,,
Unauthorized Exit,Creature,3,G,{2}{G},Elf,deadbeef,,
Unclaimed Territory,Creature,3,G,{2}{G},Elf,deadbeef,,
Uncover the Moon-Letters,Creature,3,G,{2}{G},Elf,deadbeef,,
Undercity Dire Rat,Creature,3,G,{2}{G},Elf,deadbeef,,
Undercover Skrull,Creature,3,G,{2}{G},Elf,deadbeef,,
Underground River,Creature,3,G,{2}{G},Elf,deadbeef,,
Undergrowth Recon,Creature,3,G,{2}{G},Elf,deadbeef,,
Underworld Dreams,Creature,3,G,{2}{G},Elf,deadbeef,,
Undo,Creature,3,G,{2}{G},Elf,deadbeef,,
Unearth,Creature,3,G,{2}{G},Elf,deadbeef,,
Uneasy Partings,Creature,3,G,{2}{G},Elf,deadbeef,,
Unexpected Assistance,Creature,3,G,{2}{G},Elf,deadbeef,,
Unfinished Business,Creature,3,G,{2}{G},Elf,deadbeef,,
University Campus,Creature,3,G,{2}{G},Elf,deadbeef,,
Unlicensed Disintegration,Creature,3,G,{2}{G},Elf,deadbeef,,
Unliving Legionnaire,Creature,3,G,{2}{G},Elf,deadbeef,,
Unlucky Witness,Creature,3,G,{2}{G},Elf,deadbeef,,
Unscrupulous Agent,Creature,3,G,{2}{G},Elf,deadbeef,,
Unstable Experiment,Creature,3,G,{2}{G},Elf,deadbeef,,
Unstoppable Plan,Creature,3,G,{2}{G},Elf,deadbeef,,
Unsubtle Mockery,Creature,3,G,{2}{G},Elf,deadbeef,,
Unsummon,Creature,3,G,{2}{G},Elf,deadbeef,,
Up the Beanstalk,Creature,3,G,{2}{G},Elf,deadbeef,,
Uphill Battle,Creature,3,G,{2}{G},Elf,deadbeef,,
Urborg Volcano,Creature,3,G,{2}{G},Elf,deadbeef,,
"Ureni, the Song Unending",Creature,3,G,{2}{G},Elf,deadbeef,,
Urianger Augurelt,Creature,3,G,{2}{G},Elf,deadbeef,,
Urza's Blueprints,Creature,3,G,{2}{G},Elf,deadbeef,,
Utrom Scientists,Creature,3,G,{2}{G},Elf,deadbeef,,
"Vadmir, New Blood",Creature,3,G,{2}{G},Elf,deadbeef,,
"Vaevictis Asmadi, the Dire",Creature,3,G,{2}{G},Elf,deadbeef,,
"Valeria Richards, Precocious",Creature,3,G,{2}{G},Elf,deadbeef,,
Valorous Stance,Creature,3,G,{2}{G},Elf,deadbeef,,
Vampire Gourmand,Creature,3,G,{2}{G},Elf,deadbeef,,
Vampire Nighthawk,Creature,3,G,{2}{G},Elf,deadbeef,,
Vandalblast,Creature,3,G,{2}{G},Elf,deadbeef,,
Vanguard of the Restless,Creature,3,G,{2}{G},Elf,deadbeef,,
Vanguard Seraph,Creature,3,G,{2}{G},Elf,deadbeef,,
Vanquish the Horde,Creature,3,G,{2}{G},Elf,deadbeef,,
Vault 101: Birthday Party,Creature,3,G,{2}{G},Elf,deadbeef,,
Vault 21: House Gambit,Creature,3,G,{2}{G},Elf,deadbeef,,
Vaultborn Tyrant,Creature,3,G,{2}{G},Elf,deadbeef,,
Vayne's Treachery,Creature,3,G,{2}{G},Elf,deadbeef,,
"Vector, Imperial Capital",Creature,3,G,{2}{G},Elf,deadbeef,,
Veiled Apparition,Creature,3,G,{2}{G},Elf,deadbeef,,
Veinwitch Coven,Creature,3,G,{2}{G},Elf,deadbeef,,
Veloheart Bike,Creature,3,G,{2}{G},Elf,deadbeef,,
Velvetwing Butterflies // Gaze in Wonder,Creature,3,G,{2}{G},Elf,deadbeef,,
Vendetta,Creature,3,G,{2}{G},Elf,deadbeef,,
Venerable Monk,Creature,3,G,{2}{G},Elf,deadbeef,,
Venerable Warsinger,Creature,3,G,{2}{G},Elf,deadbeef,,
Vengeful Creeper,Creature,3,G,{2}{G},Elf,deadbeef,,
Vengeful Townsfolk,Creature,3,G,{2}{G},Elf,deadbeef,,
"Venom, Evil Unleashed",Creature,3,G,{2}{G},Elf,deadbeef,,
Venomous Dragonfly,Creature,3,G,{2}{G},Elf,deadbeef,,
Vernal Fen,Creature,3,G,{2}{G},Elf,deadbeef,,
"Veronica, Dissident Scribe",Creature,3,G,{2}{G},Elf,deadbeef,,
Vertigo,Creature,3,G,{2}{G},Elf,deadbeef,,
Viashino Bey,Creature,3,G,{2}{G},Elf,deadbeef,,
Viashino Cutthroat,Creature,3,G,{2}{G},Elf,deadbeef,,
Viashino Heretic,Creature,3,G,{2}{G},Elf,deadbeef,,
Viashino Runner,Creature,3,G,{2}{G},Elf,deadbeef,,
Viashino Sandscout,Creature,3,G,{2}{G},Elf,deadbeef,,
Vibranium Energy Daggers,Creature,3,G,{2}{G},Elf,deadbeef,,
Vibrant Cityscape,Creature,3,G,{2}{G},Elf,deadbeef,,
Vibrant Outburst,Creature,3,G,{2}{G},Elf,deadbeef,,
Villainous Hideout,Creature,3,G,{2}{G},Elf,deadbeef,,
Villainous Wrath,Creature,3,G,{2}{G},Elf,deadbeef,,
Vincent's Limit Break,Creature,3,G,{2}{G},Elf,deadbeef,,
"Vincent, Vengeful Atoner",Creature,3,G,{2}{G},Elf,deadbeef,,
Vindicate,Creature,3,G,{2}{G},Elf,deadbeef,,
Vine Trellis,Creature,3,G,{2}{G},Elf,deadbeef,,
Vintara Elephant,Creature,3,G,{2}{G},Elf,deadbeef,,
Viridescent Bog,Creature,3,G,{2}{G},Elf,deadbeef,,
Virtuous Variant,Creature,3,G,{2}{G},Elf,deadbeef,,
Virulent Emissary,Creature,3,G,{2}{G},Elf,deadbeef,,
Viscera Seer,Creature,3,G,{2}{G},Elf,deadbeef,,
Vision of Love,Creature,3,G,{2}{G},Elf,deadbeef,,
"Vision, Synthezoid Avenger",Creature,3,G,{2}{G},Elf,deadbeef,,
Visions of Beyond,Creature,3,G,{2}{G},Elf,deadbeef,,
Vitalize,Creature,3,G,{2}{G},Elf,deadbeef,,
"Vito, Thorn of the Dusk Rose",Creature,3,G,{2}{G},Elf,deadbeef,,
"Viv Vision, Teen Synthezoid",Creature,3,G,{2}{G},Elf,deadbeef,,
Vizzerdrix,Creature,3,G,{2}{G},Elf,deadbeef,,
Voice of Grace,Creature,3,G,{2}{G},Elf,deadbeef,,
Voice of Truth,Creature,3,G,{2}{G},Elf,deadbeef,,
Void Rend,Creature,3,G,{2}{G},Elf,deadbeef,,
Volcanic Villain,Creature,3,G,{2}{G},Elf,deadbeef,,
Volcanic Wind,Creature,3,G,{2}{G},Elf,deadbeef,,
Voracious Tome-Skimmer,Creature,3,G,{2}{G},Elf,deadbeef,,
Vow of Duty,Creature,3,G,{2}{G},Elf,deadbeef,,
Vow to Erebor,Creature,3,G,{2}{G},Elf,deadbeef,,
Voyage Home,Creature,3,G,{2}{G},Elf,deadbeef,,
Voyager Quickwelder,Creature,3,G,{2}{G},Elf,deadbeef,,
"Vulture, Scheming Scavenger",Creature,3,G,{2}{G},Elf,deadbeef,,
Wakanda Forever!,Creature,3,G,{2}{G},Elf,deadbeef,,
Wakandan Drone Flock,Creature,3,G,{2}{G},Elf,deadbeef,,
Wakandan Royal Guard,Creature,3,G,{2}{G},Elf,deadbeef,,
Walking Sponge,Creature,3,G,{2}{G},Elf,deadbeef,,
Wall Crawl,Creature,3,G,{2}{G},Elf,deadbeef,,
Wall of Essence,Creature,3,G,{2}{G},Elf,deadbeef,,
Wall of Fire,Creature,3,G,{2}{G},Elf,deadbeef,,
Wall of Glare,Creature,3,G,{2}{G},Elf,deadbeef,,
Wall of Vipers,Creature,3,G,{2}{G},Elf,deadbeef,,
Wanderbrine Preacher,Creature,3,G,{2}{G},Elf,deadbeef,,
Wandering Eye,Creature,3,G,{2}{G},Elf,deadbeef,,
Wanderwine Distracter,Creature,3,G,{2}{G},Elf,deadbeef,,
Wanderwine Farewell,Creature,3,G,{2}{G},Elf,deadbeef,,
Wanted Griffin,Creature,3,G,{2}{G},Elf,deadbeef,,
War Balloon,Creature,3,G,{2}{G},Elf,deadbeef,,
War Cadence,Creature,3,G,{2}{G},Elf,deadbeef,,
"War Machine, Avenging Arsenal",Creature,3,G,{2}{G},Elf,deadbeef,,
"War Machine, Legacy of Iron",Creature,3,G,{2}{G},Elf,deadbeef,,
War Tax,Creature,3,G,{2}{G},Elf,deadbeef,,
Warden of Evos Isle,Creature,3,G,{2}{G},Elf,deadbeef,,
Warmonger,Creature,3,G,{2}{G},Elf,deadbeef,,
Warpath,Creature,3,G,{2}{G},Elf,deadbeef,,
Warren Torchmaster,Creature,3,G,{2}{G},Elf,deadbeef,,
Warrior's Sword,Creature,3,G,{2}{G},Elf,deadbeef,,
Warthog,Creature,3,G,{2}{G},Elf,deadbeef,,
Waterbending Lesson,Creature,3,G,{2}{G},Elf,deadbeef,,
Waterfront Bouncer,Creature,3,G,{2}{G},Elf,deadbeef,,
Wave of Reckoning,Creature,3,G,{2}{G},Elf,deadbeef,,
Wayfarer's Bauble,Creature,3,G,{2}{G},Elf,deadbeef,,
Waylay,Creature,3,G,{2}{G},Elf,deadbeef,,
We Say Thee Nay!,Creature,3,G,{2}{G},Elf,deadbeef,,
Weapons Vendor,Creature,3,G,{2}{G},Elf,deadbeef,,
Weatherseed Elf,Creature,3,G,{2}{G},Elf,deadbeef,,
Weatherseed Faeries,Creature,3,G,{2}{G},Elf,deadbeef,,
Web Up,Creature,3,G,{2}{G},Elf,deadbeef,,
Web-Shooters,Creature,3,G,{2}{G},Elf,deadbeef,,
Web-Warriors,Creature,3,G,{2}{G},Elf,deadbeef,,
Well Rested,Creature,3,G,{2}{G},Elf,deadbeef,,
Well-Worn Spatula,Creature,3,G,{2}{G},Elf,deadbeef,,
West Coast Expansion,Creature,3,G,{2}{G},Elf,deadbeef,,
"Whiplash, Vengeful Engineer",Creature,3,G,{2}{G},Elf,deadbeef,,
White Auracite,Creature,3,G,{2}{G},Elf,deadbeef,,
White Mage's Staff,Creature,3,G,{2}{G},Elf,deadbeef,,
White Orchid Phantom,Creature,3,G,{2}{G},Elf,deadbeef,,
"White Tiger, Ava Ayala",Creature,3,G,{2}{G},Elf,deadbeef,,
"White Widow, Free Agent",Creature,3,G,{2}{G},Elf,deadbeef,,
Whoosh!,Creature,3,G,{2}{G},Elf,deadbeef,,
"Wiccan, Rising Magician",Creature,3,G,{2}{G},Elf,deadbeef,,
Widow's Bite,Creature,3,G,{2}{G},Elf,deadbeef,,
Wight of the Reliquary,Creature,3,G,{2}{G},Elf,deadbeef,,
Wild Griffin,Creature,3,G,{2}{G},Elf,deadbeef,,
Wild Growth,Creature,3,G,{2}{G},Elf,deadbeef,,
Wild Hypothesis,Creature,3,G,{2}{G},Elf,deadbeef,,
Wild Jhovall,Creature,3,G,{2}{G},Elf,deadbeef,,
Wild Might,Creature,3,G,{2}{G},Elf,deadbeef,,
Wild Pack Squad,Creature,3,G,{2}{G},Elf,deadbeef,,
Wild Ricochet,Creature,3,G,{2}{G},Elf,deadbeef,,
Wildfire Devils,Creature,3,G,{2}{G},Elf,deadbeef,,
Wildgrowth Archaic,Creature,3,G,{2}{G},Elf,deadbeef,,
Willowrush Verge,Creature,3,G,{2}{G},Elf,deadbeef,,
Wilt in the Heat,Creature,3,G,{2}{G},Elf,deadbeef,,
Wind Spirit,Creature,3,G,{2}{G},Elf,deadbeef,,
Windreader Sphinx,Creature,3,G,{2}{G},Elf,deadbeef,,
Windscouter,Creature,3,G,{2}{G},Elf,deadbeef,,
Winged Sliver,Creature,3,G,{2}{G},Elf,deadbeef,,
Winged Words,Creature,3,G,{2}{G},Elf,deadbeef,,
"Winter Soldier, Reborn Avenger",Creature,3,G,{2}{G},Elf,deadbeef,,
Wisdom of Ages,Creature,3,G,{2}{G},Elf,deadbeef,,
Wisecrack,Creature,3,G,{2}{G},Elf,deadbeef,,
Wishmonger,Creature,3,G,{2}{G},Elf,deadbeef,,
Witch of the Moors,Creature,3,G,{2}{G},Elf,deadbeef,,
Witherbloom Campus,Creature,3,G,{2}{G},Elf,deadbeef,,
Witherbloom Charm,Creature,3,G,{2}{G},Elf,deadbeef,,
Witherbloom Command,Creature,3,G,{2}{G},Elf,deadbeef,,
"Witherbloom, the Balancer",Creature,3,G,{2}{G},Elf,deadbeef,,
Wizard's Staff,Creature,3,G,{2}{G},Elf,deadbeef,,
Woe Strider,Creature,3,G,{2}{G},Elf,deadbeef,,
Wolfbat,Creature,3,G,{2}{G},Elf,deadbeef,,
"Wonder Man, Hollywood Hero",Creature,3,G,{2}{G},Elf,deadbeef,,
Wood Elves,Creature,3,G,{2}{G},Elf,deadbeef,,
Wooded Ridgeline,Creature,3,G,{2}{G},Elf,deadbeef,,
Woodland Cemetery,Creature,3,G,{2}{G},Elf,deadbeef,,
Woodripper,Creature,3,G,{2}{G},Elf,deadbeef,,
Word of Blasting,Creature,3,G,{2}{G},Elf,deadbeef,,
World Map,Creature,3,G,{2}{G},Elf,deadbeef,,
World War Hulk,Creature,3,G,{2}{G},Elf,deadbeef,,
Worlds Within Worlds,Creature,3,G,{2}{G},Elf,deadbeef,,
Worn Powerstone,Creature,3,G,{2}{G},Elf,deadbeef,,
"Wraith, Vicious Vigilante",Creature,3,G,{2}{G},Elf,deadbeef,,
Wrathful Red Dragon,Creature,3,G,{2}{G},Elf,deadbeef,,
Wreck Remover,Creature,3,G,{2}{G},Elf,deadbeef,,
Wreckage Wickerfolk,Creature,3,G,{2}{G},Elf,deadbeef,,
Wrecking Ball Arm,Creature,3,G,{2}{G},Elf,deadbeef,,
"Xande, Dark Mage",Creature,3,G,{2}{G},Elf,deadbeef,,
"Y'shtola, Night's Blessed",Creature,3,G,{2}{G},Elf,deadbeef,,
"Yahenni, Undying Partisan",Creature,3,G,{2}{G},Elf,deadbeef,,
Yavimaya Granger,Creature,3,G,{2}{G},Elf,deadbeef,,
Yavimaya Scion,Creature,3,G,{2}{G},Elf,deadbeef,,
"Yellowjacket, Heartless Marauder",Creature,3,G,{2}{G},Elf,deadbeef,,
You're Not Alone,Creature,3,G,{2}{G},Elf,deadbeef,,
"Yuffie, Materia Hunter",Creature,3,G,{2}{G},Elf,deadbeef,,
Yuyan Archers,Creature,3,G,{2}{G},Elf,deadbeef,,
Zack Fair,Creature,3,G,{2}{G},Elf,deadbeef,,
Zealous Lorecaster,Creature,3,G,{2}{G},Elf,deadbeef,,
Zerapa Minotaur,Creature,3,G,{2}{G},Elf,deadbeef,,
Zhalfirin Knight,Creature,3,G,{2}{G},Elf,deadbeef,,
Zulaport Cutthroat,Creature,3,G,{2}{G},Elf,deadbeef,,
Zurgo and Ojutai,Creature,3,G,{2}{G},Elf,deadbeef,,
Óin the Brave,Creature,3,G,{2}{G},Elf,deadbeef,,
